date,United States,Germany,Canada,France,Italy,Spain,Belgium,Australia,Austria,Denmark,Finland,Iceland,Ireland,Japan,Korea,Netherlands,New Zealand,Norway,Portugal,Sweden,United Kingdom
Monthly,Markit,Bloomberg,Markit,Markit,Markit,Markit,Bloomberg,Markit,Markit,Bloomberg,Markit,Bloomberg,Markit,Bloomberg,Bloomberg,Markit,Markit,Markit,Bloomberg,Bloomberg,Markit
1/31/2003,#N/A,#N/A,#N/A,#N/A,#N/A,#N/A,#N/A,#N/A,#N/A,#N/A,#N/A,#N/A,#N/A,#N/A,75.81245,#N/A,#N/A,#N/A,#N/A,#N/A,#N/A
2/28/2003,#N/A,#N/A,#N/A,#N/A,#N/A,#N/A,#N/A,#N/A,#N/A,#N/A,#N/A,#N/A,#N/A,#N/A,99.5043157895,#N/A,#N/A,#N/A,#N/A,#N/A,#N/A
3/31/2003,#N/A,10.15,#N/A,#N/A,#N/A,#N/A,7.475,#N/A,#N/A,#N/A,#N/A,#N/A,#N/A,#N/A,155.1964285714,#N/A,#N/A,#N/A,12.75,#N/A,#N/A
4/30/2003,#N/A,10.078125,#N/A,#N/A,#N/A,#N/A,7.5859375,#N/A,#N/A,#N/A,#N/A,#N/A,#N/A,#N/A,124.21875,#N/A,#N/A,#N/A,12.046875,#N/A,#N/A
5/31/2003,#N/A,7.81665,#N/A,#N/A,#N/A,#N/A,6.16465,#N/A,#N/A,#N/A,#N/A,#N/A,#N/A,#N/A,96.0340454545,#N/A,#N/A,#N/A,8.66245,#N/A,#N/A
6/30/2003,#N/A,7.7182380952,#N/A,#N/A,#N/A,#N/A,6.3255238095,#N/A,#N/A,#N/A,#N/A,#N/A,#N/A,#N/A,87.6884761905,#N/A,#N/A,#N/A,8.9245714286,#N/A,#N/A
7/31/2003,#N/A,7.4694210526,#N/A,#N/A,#N/A,#N/A,6.3015,#N/A,#N/A,#N/A,#N/A,#N/A,#N/A,#N/A,89.1376956522,#N/A,#N/A,#N/A,9.2893333333,#N/A,#N/A
8/31/2003,#N/A,6.9407222222,#N/A,#N/A,#N/A,#N/A,5.9495555556,#N/A,#N/A,#N/A,#N/A,#N/A,#N/A,#N/A,79.0084285714,#N/A,#N/A,#N/A,8.8518888889,#N/A,#N/A
9/30/2003,#N/A,5.5198571429,#N/A,#N/A,#N/A,#N/A,4.8095714286,#N/A,#N/A,#N/A,#N/A,#N/A,#N/A,#N/A,71.7916363636,#N/A,#N/A,#N/A,7.8392380952,#N/A,#N/A
10/31/2003,#N/A,4.9916666667,#N/A,#N/A,#N/A,#N/A,4.6083333333,#N/A,#N/A,#N/A,#N/A,#N/A,#N/A,#N/A,68.5166521739,#N/A,#N/A,#N/A,7.9107142857,#N/A,#N/A
11/30/2003,#N/A,3.875,#N/A,#N/A,#N/A,#N/A,4.2333333333,#N/A,#N/A,#N/A,#N/A,#N/A,#N/A,#N/A,67.0279,#N/A,#N/A,#N/A,6.3833333333,#N/A,#N/A
12/31/2003,#N/A,4.0166666667,#N/A,#N/A,#N/A,#N/A,4,#N/A,#N/A,#N/A,#N/A,#N/A,#N/A,#N/A,55.9901363636,#N/A,#N/A,#N/A,6.25,#N/A,#N/A
1/31/2004,#N/A,4.5001,#N/A,#N/A,#N/A,#N/A,3.88065,#N/A,#N/A,#N/A,#N/A,#N/A,#N/A,#N/A,52.0293809524,#N/A,#N/A,#N/A,6.3028,#N/A,#N/A
2/29/2004,#N/A,4.8907,#N/A,#N/A,#N/A,#N/A,3.44805,#N/A,#N/A,#N/A,#N/A,#N/A,#N/A,#N/A,59.44485,#N/A,#N/A,#N/A,6.84155,#N/A,#N/A
3/31/2004,#N/A,4.9393913043,#N/A,#N/A,#N/A,#N/A,3.6667391304,#N/A,#N/A,#N/A,#N/A,#N/A,#N/A,#N/A,55.4896086957,#N/A,#N/A,#N/A,6.9782173913,#N/A,#N/A
4/30/2004,#N/A,4.89935,#N/A,#N/A,#N/A,#N/A,3.6146,#N/A,#N/A,#N/A,#N/A,#N/A,#N/A,#N/A,55.409,#N/A,#N/A,#N/A,6.9103,#N/A,#N/A
5/31/2004,#N/A,4.2652105263,#N/A,#N/A,#N/A,#N/A,3.5152222222,#N/A,#N/A,#N/A,#N/A,#N/A,#N/A,#N/A,65.5849047619,#N/A,#N/A,#N/A,6.7361111111,#N/A,#N/A
6/30/2004,#N/A,4.6894090909,#N/A,#N/A,#N/A,#N/A,3.6041818182,#N/A,#N/A,#N/A,#N/A,#N/A,#N/A,#N/A,58.4979545455,#N/A,#N/A,#N/A,6.9015454545,#N/A,#N/A
7/31/2004,#N/A,4.7254090909,#N/A,#N/A,#N/A,#N/A,3.625,#N/A,#N/A,#N/A,#N/A,#N/A,#N/A,#N/A,52.4456363636,#N/A,#N/A,#N/A,6.9924545455,#N/A,#N/A
8/31/2004,#N/A,4.5057272727,#N/A,#N/A,#N/A,#N/A,3.5715238095,#N/A,#N/A,#N/A,#N/A,#N/A,#N/A,#N/A,45.1040454545,#N/A,#N/A,#N/A,6.8808181818,#N/A,#N/A
9/30/2004,#N/A,3.8084,#N/A,#N/A,#N/A,#N/A,3.125,#N/A,#N/A,#N/A,#N/A,#N/A,#N/A,#N/A,37.309,#N/A,#N/A,#N/A,5.6469545455,#N/A,#N/A
10/31/2004,#N/A,4.1102857143,#N/A,#N/A,#N/A,#N/A,3.1271,#N/A,#N/A,#N/A,#N/A,3,#N/A,11.619,36.2995714286,#N/A,#N/A,#N/A,5.3254761905,#N/A,#N/A
11/30/2004,#N/A,3.9320454545,#N/A,#N/A,#N/A,#N/A,3.167,#N/A,#N/A,#N/A,#N/A,#N/A,#N/A,21.1409090909,27.4394090909,#N/A,#N/A,#N/A,5.1116818182,#N/A,#N/A
12/31/2004,#N/A,4.0899130435,#N/A,#N/A,#N/A,#N/A,3.1631818182,#N/A,#N/A,#N/A,#N/A,#N/A,#N/A,12.94625,31.6571304348,#N/A,#N/A,#N/A,5.3908636364,#N/A,#N/A
1/31/2005,#N/A,3.762952381,#N/A,#N/A,#N/A,#N/A,3.2222857143,#N/A,#N/A,3,#N/A,#N/A,#N/A,3.55,32.725,#N/A,#N/A,#N/A,4.8611428571,#N/A,#N/A
2/28/2005,#N/A,3.82615,#N/A,#N/A,#N/A,#N/A,3.1573,#N/A,#N/A,3,#N/A,#N/A,#N/A,5.8847368421,30.5121,#N/A,#N/A,#N/A,4.74695,3,#N/A
3/31/2005,#N/A,3.8789047619,#N/A,#N/A,#N/A,#N/A,3.2182380952,#N/A,#N/A,20.515,#N/A,#N/A,#N/A,4.032,33.9766956522,#N/A,#N/A,#N/A,4.6059565217,#N/A,#N/A
4/30/2005,#N/A,3.8898095238,#N/A,#N/A,#N/A,#N/A,3.1597222222,#N/A,#N/A,#N/A,#N/A,#N/A,#N/A,4.9857894737,37.546047619,#N/A,#N/A,#N/A,5.007,4,#N/A
5/31/2005,#N/A,3.7745882353,#N/A,#N/A,#N/A,#N/A,2.9375,#N/A,#N/A,#N/A,#N/A,#N/A,#N/A,4.9791666667,39.6698181818,#N/A,#N/A,#N/A,6.1069545455,4,#N/A
6/30/2005,#N/A,3.7860909091,#N/A,#N/A,#N/A,#N/A,2.7666666667,#N/A,#N/A,#N/A,#N/A,#N/A,#N/A,5.6114285714,39.9469090909,#N/A,#N/A,#N/A,7.7348636364,#N/A,#N/A
7/31/2005,#N/A,3.625,#N/A,#N/A,#N/A,#N/A,2.7380952381,#N/A,#N/A,#N/A,#N/A,#N/A,#N/A,4.489375,36.7187142857,#N/A,#N/A,#N/A,7.4345238095,2,#N/A
8/31/2005,#N/A,3.0380434783,#N/A,#N/A,#N/A,#N/A,2.722826087,#N/A,#N/A,#N/A,#N/A,#N/A,#N/A,4.4588235294,36.0303478261,#N/A,#N/A,#N/A,7.0108695652,#N/A,#N/A
9/30/2005,#N/A,3.1306818182,#N/A,#N/A,#N/A,#N/A,2.6931818182,#N/A,#N/A,#N/A,#N/A,#N/A,#N/A,3.73,34.3377272727,#N/A,#N/A,#N/A,6.7329545455,#N/A,#N/A
10/31/2005,#N/A,2.7916666667,#N/A,#N/A,#N/A,#N/A,2.625,#N/A,#N/A,#N/A,#N/A,#N/A,#N/A,3.2110526316,30.3978095238,#N/A,#N/A,#N/A,5.7321428571,#N/A,#N/A
11/30/2005,#N/A,3.5795454545,#N/A,#N/A,#N/A,#N/A,2.625,#N/A,#N/A,#N/A,#N/A,5.5416666667,#N/A,3.9695238095,26.5209545455,#N/A,#N/A,#N/A,6.4488636364,4,#N/A
12/31/2005,#N/A,3.4375,#N/A,#N/A,#N/A,#N/A,2.625,#N/A,#N/A,#N/A,#N/A,#N/A,#N/A,4.8472222222,24.4362727273,#N/A,#N/A,#N/A,6.678,#N/A,#N/A
1/31/2006,#N/A,3.380952381,#N/A,#N/A,#N/A,#N/A,2.625,#N/A,#N/A,#N/A,#N/A,5.3333333333,#N/A,3.8873684211,23.5850909091,#N/A,#N/A,#N/A,6.7083181818,4.6666666667,#N/A
2/28/2006,#N/A,3.1625,#N/A,#N/A,#N/A,#N/A,2.625,#N/A,#N/A,#N/A,#N/A,5.644,#N/A,4.3055,22.7376,#N/A,#N/A,#N/A,6.48465,2.8125,#N/A
3/31/2006,#N/A,3.4402173913,#N/A,#N/A,#N/A,#N/A,2.625,#N/A,#N/A,#N/A,#N/A,14.1956521739,#N/A,3.5713043478,23.3341304348,#N/A,#N/A,#N/A,6.8425652174,1.9613636364,#N/A
4/30/2006,#N/A,3.4276315789,#N/A,#N/A,#N/A,#N/A,2.625,#N/A,#N/A,#N/A,#N/A,17.9021052632,#N/A,3.566,23.52515,#N/A,#N/A,#N/A,7.7105263158,2.0157894737,#N/A
5/31/2006,#N/A,3.2380952381,#N/A,#N/A,#N/A,#N/A,2.625,#N/A,#N/A,#N/A,#N/A,14.4960869565,#N/A,3.5256521739,23.2681304348,#N/A,#N/A,#N/A,7.964,2.0172727273,#N/A
6/30/2006,#N/A,3.5,#N/A,#N/A,#N/A,#N/A,2.625,#N/A,#N/A,#N/A,#N/A,16.5081818182,#N/A,3.4718181818,25.0828636364,#N/A,#N/A,#N/A,8.2102272727,2.4831818182,#N/A
7/31/2006,#N/A,3.5,#N/A,#N/A,#N/A,#N/A,2.625,#N/A,#N/A,#N/A,#N/A,15.6385714286,#N/A,3.8042857143,25.7092857143,#N/A,#N/A,#N/A,8.125,2.3633333333,#N/A
8/31/2006,#N/A,3.3636363636,#N/A,#N/A,#N/A,#N/A,2.5397727273,#N/A,#N/A,#N/A,#N/A,11.2159090909,#N/A,3.5686363636,23.9865217391,#N/A,#N/A,#N/A,7.4619565217,2,#N/A
9/30/2006,#N/A,3.25,#N/A,#N/A,#N/A,#N/A,2.5,#N/A,#N/A,#N/A,#N/A,7.4014285714,#N/A,3.3885714286,23.6392857143,#N/A,#N/A,#N/A,6.2738095238,1.8095238095,#N/A
10/31/2006,#N/A,3.3030454545,#N/A,#N/A,#N/A,#N/A,2.4652727273,#N/A,#N/A,#N/A,#N/A,6.6015909091,#N/A,3.5705263158,26.426,#N/A,#N/A,#N/A,5.9828636364,1.7505555556,#N/A
11/30/2006,#N/A,3.9407222222,#N/A,#N/A,#N/A,#N/A,2.2826842105,#N/A,#N/A,#N/A,#N/A,5.9178947368,#N/A,3.7016666667,23.5954545455,#N/A,#N/A,#N/A,5.0878095238,1.7083333333,#N/A
12/31/2006,#N/A,4.002,#N/A,#N/A,#N/A,#N/A,2.4703333333,#N/A,#N/A,#N/A,#N/A,5.3,#N/A,3.575,18.4186190476,#N/A,#N/A,#N/A,4.9416315789,#N/A,#N/A
1/31/2007,#N/A,3.4666153846,#N/A,#N/A,#N/A,#N/A,2.4491538462,#N/A,#N/A,#N/A,#N/A,7.0379166667,#N/A,#N/A,18.946173913,#N/A,#N/A,#N/A,5.0043913043,#N/A,#N/A
2/28/2007,#N/A,3.25,#N/A,#N/A,#N/A,#N/A,2.3332666667,#N/A,#N/A,#N/A,#N/A,5.8678571429,#N/A,#N/A,17.63085,#N/A,#N/A,#N/A,4.9247894737,#N/A,#N/A
3/31/2007,#N/A,3.4445714286,#N/A,#N/A,#N/A,#N/A,2.614,#N/A,#N/A,#N/A,#N/A,7.20625,#N/A,#N/A,17.9792272727,#N/A,#N/A,#N/A,4.6059090909,#N/A,#N/A
4/30/2007,#N/A,3.4948,#N/A,#N/A,#N/A,#N/A,2.33875,#N/A,#N/A,#N/A,#N/A,7.0404166667,#N/A,#N/A,16.1614285714,#N/A,#N/A,#N/A,4.6741428571,#N/A,#N/A
5/31/2007,#N/A,3.4374347826,#N/A,#N/A,#N/A,#N/A,2.2160869565,#N/A,#N/A,#N/A,#N/A,6.7869565217,#N/A,#N/A,15.0308695652,#N/A,#N/A,#N/A,4.1887391304,#N/A,#N/A
6/30/2007,#N/A,3.6843333333,#N/A,#N/A,#N/A,#N/A,2.2082380952,#N/A,#N/A,#N/A,#N/A,6.4666666667,#N/A,#N/A,15.7371904762,#N/A,#N/A,#N/A,4.1326666667,#N/A,#N/A
7/31/2007,#N/A,3.7740454545,#N/A,#N/A,#N/A,#N/A,2.3067272727,#N/A,#N/A,#N/A,#N/A,7.305,#N/A,13.25,19.3782727273,#N/A,#N/A,#N/A,4.8131363636,#N/A,#N/A
8/31/2007,#N/A,5.6264347826,#N/A,#N/A,#N/A,#N/A,3.5697826087,#N/A,#N/A,#N/A,#N/A,15.2136363636,#N/A,20.8,32.0423913043,#N/A,#N/A,#N/A,7.1647391304,#N/A,#N/A
9/30/2007,#N/A,3.7102,2.75,2.82,9.41,6.97,3.75295,2.68,#N/A,#N/A,#N/A,19.7842105263,#N/A,3.5,29.55025,2.56,4.95,#N/A,8.63485,#N/A,#N/A
10/31/2007,#N/A,3.1964782609,2.75,2.7643478261,8.8552173913,7.4934782609,3.797826087,2.8339130435,#N/A,#N/A,#N/A,15.27,#N/A,4.1578947368,23.9335652174,2.547826087,4.5430434783,#N/A,8.2070434783,#N/A,#N/A
11/30/2007,3.6653846154,3.9806363636,2.75,3.9295454545,11.8309090909,10.4313636364,5.8245,3.2054545455,4.2561538462,#N/A,3.86,51.2047619048,9.48,6.2375,39.8983636364,3.6336363636,4.3218181818,4.1007692308,9.9603636364,4.2625,4.2330769231
12/31/2007,5.1895238095,5.683,2.75,6.8104761905,19.3261904762,17.700952381,9.1714285714,4.2538095238,5.5652380952,#N/A,5.1980952381,69.76,13.3433333333,6.975,44.0024444444,5.640952381,10.390952381,5.0338095238,16.5493809524,4.8,5.2580952381
1/31/2008,7.5073913043,6.3965652174,6.25,10.0552173913,32.1917391304,26.1834782609,12.2726086957,5.6560869565,8.2982608696,#N/A,7.7752173913,120.3913043478,19.7734782609,12.65,65.8164782609,8.0139130435,12.7834782609,6.6247826087,27.6826956522,8.23,9.3352173913
2/29/2008,6.84,7.9227619048,5.4761904762,10.9333333333,42.3947619048,34.2042857143,21.6905714286,6.7161904762,8.1185714286,#N/A,8.2547619048,179.6571428571,23.959047619,17.8142857143,81.8133333333,8.4257142857,13.7271428571,5.607,37.5087142857,8.6857142857,12.0376190476
3/31/2008,11.2185,10.8334117647,5.8,12.661,45.686,42.5395,26.0969411765,22.4765,12.2255,#N/A,11.1,336.7095238095,29.07,28.4052631579,101.6164761905,11.8875,29.3205,#N/A,42.2419473684,13.7047619048,15.103
4/30/2008,8.98,12.5833333333,4.1590909091,8.5804545455,32.4836363636,30.7,25.625,18.8168181818,9.265,#N/A,8.315,275.2727272727,24.2863636364,18.3904761905,74.6309545455,8.3409090909,23.6372727273,#N/A,35.1226363636,8.9136363636,12.3409090909
5/31/2008,6.6404545455,#N/A,6.5,7.2186363636,26.72,25.4145454545,#N/A,11.56,7.6540909091,#N/A,7.2172727273,157.8047619048,19.3268181818,11.4818181818,64.8868181818,6.8218181818,19.2763636364,#N/A,33.0340909091,6.7764705882,9.9463636364
6/30/2008,8.8614285714,#N/A,7.880952381,8.7995238095,31.5414285714,30.2933333333,10.3333333333,14.6071428571,9.2138095238,#N/A,8.3119047619,210.8952380952,23.6766666667,13.4789473684,90.7478095238,8.440952381,22.5914285714,#N/A,28.8570952381,8.2095238095,14.5371428571
7/31/2008,13.2517391304,6.775,15.3043478261,10.6447826087,39.6808695652,36.4465217391,14.7500434783,19.6539130435,11.6686956522,9,9.767826087,281.7,28.6860869565,17.3565217391,107.623826087,9.6539130435,27.4673913043,6.38,35.515826087,9.7173913043,16.3156521739
8/31/2008,15.2571428571,7.4523809524,14.3095238095,11.1776190476,39.7538095238,37.2547619048,19.5,19.6433333333,11.2942857143,#N/A,9.9895238095,275.5,29.43,17.0952380952,104.2225238095,9.5976190476,27.4338095238,6.4061904762,37.7167619048,9.8714285714,16.9923809524
9/30/2008,19.4377272727,9.1426363636,14.5,12.2881818182,42.9513636364,40.8222727273,22.6079090909,20.2731818182,12.655,13.2336111111,11.2609090909,327.6545454545,33.6127272727,17.3272727273,147.7498636364,11.0390909091,30.2345454545,7.3590909091,41.3319545455,12.4090909091,21.5090909091
10/31/2008,32.2856521739,26.3018695652,14.4565217391,34.0117391304,85.58,72.96,49.0913478261,51.5126086957,51.4008695652,42.5108695652,27.5691304348,1017.1956521739,83.9113043478,36.1956521739,386.19,33.7447826087,69.4830434783,21.8004347826,74.4323913043,40.0695652174,48.627826087
11/30/2008,36.8664148082,31.5924,12.5,42.8935740197,115.7297977291,83.7508545577,58.34875,75.1634757151,92.957077269,86.45,38.0870878515,897.06,144.9349537724,44.45,350.2642,46.8983200592,103.9927087131,27.3452277304,83.1062,87.28,71.8362277178
12/31/2008,62.219959002,46.81685,12.5,56.4228826298,172.3501375565,104.6620656744,87.7041428571,109.6605178746,138.503637354,124.2514210526,60.754259863,1042.9,195.1505301579,46.892173913,365.8677826087,85.3767292615,131.4945309959,32.0329636197,101.442952381,129.9608695652,110.0872565053
1/31/2009,62.4149165557,43.4991428571,12.5000661273,59.2596116278,168.2900016561,123.3934996301,89.2785454545,114.2393767869,132.6586707595,110.2142857143,58.0445794142,960.2636363636,230.1008633295,42.9559090909,311.1211363636,94.6205879536,131.6678333939,36.1890971102,116.8272857143,106.1045454545,119.628746952
2/28/2009,83.6076622807,72.7687,12.5007274,78.574329095,175.7993048506,145.1174318288,132.5408,133.6156902107,191.3078926342,115.1315789474,71.3039595971,1023.519,324.5691919292,82.127,382.19205,113.2407973926,151.1527765254,48.84246286,135.4395,121.7485,143.7302326874
3/31/2009,77.4791666667,72.3384090909,80.3182479455,75.9124584111,170.1230180644,125.1995476008,123.7285454545,157.8404750745,205.0912766505,118.5755909091,71.7948056484,952.8418181818,292.216151144,100.6413636364,401.6608636364,107.1699447574,201.7047371371,53.4692208631,116.3378636364,125.7845454545,134.472147963
4/30/2009,45.4900728597,44.0723636364,51.3636363636,45.8883853718,118.9268230816,92.4084986057,76.4966818182,108.5616051311,133.1230499006,75.5379090909,45.3380297765,847.7238636364,228.0809978466,75.3186363636,294.5323181818,69.4810218053,131.4017198501,38.6383713932,82.6055,80.8797727273,96.3995216535
5/31/2009,32.6164628329,33.767047619,53.5038453256,35.9745584063,91.0484211651,80.3268366912,55.3653333333,75.015695953,97.5609986995,51.7317619048,33.3753397835,743.365,192.3524020353,51.2619047619,178.3605714286,45.3660722684,95.6251149935,35.5613206228,64.8682857143,54.6097619048,77.7597423072
6/30/2009,40.4966361836,35.8882272727,76.6546493943,37.5694932948,102.0640085776,94.1335159617,62.6038181818,56.9898667889,110.1519108318,53.4487272727,35.7314025487,672.7504545455,211.8438150913,43.3002272727,172.8090454545,49.4969327349,79.6892105382,31.1539277386,76.2427272727,74.9290909091,84.1084107669
7/31/2009,32.9991327086,31.9747826087,77.2170878761,33.3676631423,81.6882732184,77.3162415812,50.0328695652,51.328049918,88.177996678,43.589826087,30.1978136456,618.1904347826,170.8382556728,49.9741304348,167.1300869565,38.5660376249,71.6786350812,27.5748045796,62.9414782609,54.447826087,66.4395080594
8/31/2009,24.706402489,23.2242857143,38.6946999643,25.4812532456,71.2277882119,63.6327767614,37.5924285714,46.2569351377,70.4598073508,36.259952381,23.6726918265,475.1178571429,146.2113940444,38.9071428571,134.774,32.7272436077,61.0111574082,21.5270142015,53.0041428571,48.4514285714,55.5546118408
9/30/2009,22.7934831026,22.0980454545,52.1981818182,24.0803113699,69.3429463816,67.1356920694,34.7980454545,34.0695191,68.1016369172,34.5729545455,21.3918103083,394.6625,144.5306870962,40.4986363636,120.9764090909,31.4626793048,45.0024829667,18.4906161952,53.3261818182,47.6463636364,48.9669664991
10/31/2009,20.7063966173,19.9389090909,53.4153384909,22.3689772672,69.71131891,68.3905636787,34.0721818182,29.992926678,59.0915171046,30.5802272727,18.3081237389,377.7404545455,121.3531593752,49.1418181818,95.9717727273,27.3528824168,40.260494958,15.7700572687,52.0012727273,45.6763636364,43.5370263719
11/30/2009,27.712893574,22.3067142857,67.91,25.1939581919,80.832006009,79.3591947296,42.7327142857,31.8784160648,64.6941083432,32.1505238095,20.8788259506,369.7823809524,153.2498723521,69.6776190476,101.4498095238,29.906359535,42.9441836166,16.7506469402,64.3316190476,52.1214285714,61.3161750043
12/31/2009,35.6139209964,24.0207826087,72.457173913,28.7743248468,98.5432096092,99.9740781686,50.1288695652,38.5796220324,78.1989108281,30.8612608696,25.8646869236,412.5389130435,158.9396191606,67.3373913043,89.6606956522,31.0462853144,50.0379775075,16.8868237411,78.8606086957,53.2204347826,78.5086452107
1/31/2010,39.6571600125,30.1006190476,54.2236052256,40.6031903559,106.5492560614,119.234148772,57.6557619048,39.190691728,80.7385222514,32.1609047619,28.7717445077,546.3278571429,149.9424841662,76.8295238095,90.8087619048,32.6332286064,51.029815015,16.8564390402,119.8663809524,50.3571428571,80.0983036912
2/28/2010,49.5874235606,43.05185,56.6384786798,60.4593096222,131.7314819618,140.4431405466,69.35115,54.698961057,85.390587512,40.44185,33.2186922049,587.3515,155.5636002839,79.8455,111.0791,41.5618240223,66.8386793029,18.9165097327,186.03805,47.8635,90.6428874955
3/31/2010,36.0832310675,30.1662173913,50.2185456522,42.099890067,101.1764195874,104.4648139363,53.1187826087,36.7692947465,55.0573576034,32.3357391304,23.7259128507,426.9658695652,126.239071155,61.7691304348,82.4511304348,33.1690868398,46.2310904544,#N/A,125.5742608696,34.4134782609,74.8423840301
4/30/2010,40.1483371661,36.6113181818,36.5912314354,55.942908853,131.0145074193,149.2856917042,65.0219090909,38.3763396334,64.3567668206,36.7263181818,25.8104526085,390.3545454545,165.78871143,65.9440909091,80.7441363636,37.0755677833,46.7907927659,#N/A,212.6394545455,36.4254545455,75.2128712044
5/31/2010,39.5909315739,45.9600952381,42.5546013826,70.8444471654,170.5743506356,203.0034320459,94.6058095238,49.6435069262,71.231955939,42.0881428571,28.5806317163,323.5321428571,218.2080279593,84.4661904762,118.6476190476,46.3783215534,59.1764419036,#N/A,306.1901904762,37.1161904762,82.7837210199
6/30/2010,39.0583234687,42.8399545455,45.1042712002,87.6183084691,201.4004676335,250.5133687574,127.5320909091,56.8661677191,89.4030060759,43.042,33.7314292183,334.0011363636,260.992135969,92.6863636364,130.3081363636,51.2003114444,66.9852016563,#N/A,317.8858636364,41.2272727273,82.4401878152
7/31/2010,36.6554636731,40.5903181818,42.4771796867,77.5164394001,165.5091950307,215.9355520421,114.7378181818,52.0861621246,84.5138286982,37.9476363636,30.05743535,319.1770454545,240.52292017,84.7054545455,113.8220454545,45.0119101856,62.0677071304,24.3134221351,272.9041363636,37.8727272727,68.1521882428
8/31/2010,45.3182211622,42.0985909091,41.0205244797,71.9828778536,181.8921891274,215.6259623736,114.0817727273,48.2406534389,83.8265235795,37.9655454545,28.3832887067,311.885,275.4978269889,68.6577272727,110.5963181818,46.7060235011,57.2822261523,23.5872752227,271.7312727273,37.3981818182,63.9610984219
9/30/2010,47.0366202632,40.0699090909,41.6994021823,76.7376452639,197.0302921058,227.0575298164,132.4064090909,47.1183289065,86.8413453972,36.4448181818,30.1102945601,305.1359090909,407.0871951023,65.4754545455,107.2982272727,46.7345846371,58.6639724767,23.1978568695,356.4968181818,33.7440909091,67.468934109
10/31/2010,41.747056067,34.3829047619,42.5575971971,70.794049461,176.1959155934,208.7408625466,121.5634761905,39.5662118037,74.4183284878,31.5577619048,28.6646045319,291.2523809524,430.8929580017,55.0161904762,83.6614285714,44.7910037435,50.6560637095,22.1442684581,370.8066190476,29.95,57.2799754256
11/30/2010,41.7627450052,39.6472272727,41.8031517611,82.9195258875,196.9106460978,272.5373830714,141.7255454545,44.8879602887,76.6650267251,33.7107272727,29.1508135485,275.5390909091,562.3741811026,57.5490909091,89.9158636364,50.6292313791,55.723198889,22.6247549572,453.4626363636,29.7513636364,61.269560125
12/31/2010,40.8356596854,53.7252173913,41.6967133171,101.7609734678,217.8438497215,330.3980067816,208.0311304348,51.792817738,93.272715103,43.7337391304,32.2717781551,269.2913043478,577.6612388196,70.512173913,98.3444347826,59.860996937,63.4824449796,22.392987,467.4500869565,32.5760869565,69.5705771631
1/31/2011,45.7910850596,58.4513809524,43.7929987649,102.2785967348,211.0666963912,302.5478678587,205.6901904762,53.1154783642,94.8558436804,47.1177142857,36.2763577818,291.0795238095,627.3858045521,79.9695238095,98.2371904762,59.71753755,64.1908723085,22.2815439164,481.4837142857,34.2223809524,67.9983815074
2/28/2011,47.1828923712,53.79635,45.2970836688,89.8275180535,175.024303553,243.3282377957,166.83945,52.7722702256,84.7352971011,46.7564,37.4537647419,254.5,584.0408213676,79.45875,99.41945,53.7206400442,63.4682726442,21.277766791,442.63995,33.08275,61.1960597957
3/31/2011,43.1405177935,46.6522173913,42.93998667,79.9814398085,163.42955509,231.3488325338,152.2875217391,53.0037116885,69.7564871724,42.0463913043,33.1025603383,237.7419565217,607.749597056,93.7745652174,102.5979565217,44.0070151368,64.9511706507,18.4098734083,517.5342608696,31.0839130435,57.0962499546
4/30/2011,43.1467947296,42.7052380952,42.6436394939,71.3994672144,142.7969488326,229.1635865793,135.7316190476,51.2591648864,60.4641610931,33.8093809524,27.3508179378,238.9576190476,616.0051812825,84.929047619,97.7760952381,35.6147659514,62.9906928112,16.773212237,607.0341904762,24.9035714286,54.765501155
5/31/2011,45.5524875007,39.6144090909,43.5653287158,73.5653039649,154.2781659727,244.9464654285,143.8817272727,50.5599325395,63.6007877864,31.1215909091,28.5665227768,222.1275,677.6096186316,82.6363636364,97.1477272727,31.2125562976,62.6948863655,16.2681098643,644.4195,23.4986363636,57.9942529301
6/30/2011,50.9903136716,41.0472272727,47.7726455223,77.8310298118,172.3248603551,272.4047811616,150.4876818182,52.3575592201,65.195720749,34.9293181818,33.3286571424,262.6011363636,770.653549852,89.4104545455,100.3615909091,33.5742424599,63.4712124349,18.9399604112,754.8211363636,25.2127272727,62.7834734131
7/31/2011,54.789094433,54.4608095238,51.3251985927,102.8856015023,264.9255588419,321.2467714627,179.6193333333,59.0961091176,77.7495826768,58.288952381,43.0324154432,243.125952381,986.2759955293,90.3030952381,103.476952381,47.5697233486,69.7122858443,24.6152780825,987.3674761905,31.9976190476,70.0079667874
8/31/2011,52.2872480017,78.6793478261,54.5686472997,152.049002313,361.0726490929,373.6606505428,240.9065652174,74.4508780575,113.42310916,96.7827391304,64.5930759545,260.3034782609,842.2020816872,102.87,127.6893913043,72.241222542,86.8413390625,41.1902984254,931.087173913,54.5665217391,79.831035237
9/30/2011,52.3835779012,91.5268636364,56.6448741929,179.980384804,466.4275044228,399.2593999884,271.7343636364,83.0446665763,148.7688143008,128.1076818182,77.4228591154,294.3120454545,849.3826470827,124.4490909091,159.7112272727,93.7504588113,92.2717879073,48.4814322054,1098.6285454546,58.7229545455,84.3501232197
10/31/2011,45.808176555,93.1155238095,50.0286582339,178.1068058048,442.6155626788,366.0204885337,289.1442380952,81.6581751445,157.3606994163,120.3254285714,70.469256056,295.17,758.8470605799,121.8880952381,169.1796190476,98.5815094941,98.360835683,44.0341487959,1092.7187619048,55.3645238095,87.4858447267
11/30/2011,50.0559242936,97.3961363636,51.1697571709,210.9575862473,536.1105318044,436.2800452263,329.2760454545,81.8228771397,196.0112712912,114.7376818182,68.564715198,333.5534090909,762.7441498761,118.4913636364,160.369,110.6781482008,93.5239864209,44.524996189,1070.1230454546,63.6981818182,93.1222565509
12/31/2011,52.0811572837,101.6578636364,54.2251080049,211.7595921223,500.1892913979,394.5266490745,312.5135,83.6631344161,187.5611219397,128.765,74.5923062631,319.8609090909,742.0086199352,134.5815909091,154.045,116.6609030453,93.6074416105,43.9071442177,1090.0530454546,76.5034090909,95.9309952946
1/31/2012,48.2357902614,99.2580909091,51.0947343842,199.0140972378,479.3456336234,394.307328816,294.7275,80.3842289291,196.6682806778,132.4441363636,73.4184150995,302.0254545455,690.8630552336,142.1504545455,164.6846363636,114.3159180505,90.000111887,41.5461421553,1217.3533636364,71.9463636364,90.0802463832
2/29/2012,39.5402848628,83.6028571429,44.1308396351,173.9685189536,388.9430305336,364.6019112025,231.1650952381,67.3411688529,165.2287181505,121.620047619,66.153741998,259.3119047619,581.2784185994,125.2635714286,141.897,97.3713469042,77.4523416597,33.4847574297,1175.3677619048,54.0730952381,74.3092017795
3/31/2012,34.649457518,74.0281818182,38.6576111647,169.6712239816,367.5252338496,403.7047628775,227.2130909091,67.4186597798,160.2107621218,113.5408181818,62.3768659388,255,609.5415926572,106.5229545455,123.0847647059,100.2626652691,73.1489071475,27.4068029813,1210.2151818182,47.0725,64.0856862667
4/30/2012,32.2427326872,78.58,33.3093732477,183.8819227567,428.3782871836,471.8225074513,250.4592380952,77.5972914699,164.507217429,118.5446666667,70.430146178,267.405,578.0853880992,98.4111904762,123.4298,115.905660685,81.8627439335,22.8876721999,1067.9689047619,51.075952381,64.8720208929
5/31/2012,43.1436201421,93.9354782609,43.5548397602,203.3271440049,483.6892028905,523.3968690565,262.5765217391,85.1249586129,182.9092658043,129.6327826087,83.6285093481,285.407173913,650.1856572573,102.835,133.8313913043,121.4204883121,95.4279187315,28.1654042688,1120.1214347826,64.6354347826,71.119563953
6/30/2012,48.0614879285,103.5892380952,48.9815747663,199.1533942051,535.1379376252,582.5237086658,264.5028095238,77.7190259968,180.8402950967,126.2791904762,82.7549470955,294.9185714286,663.6652332841,97.04,130.0794761905,118.5515496157,93.9481819051,31.2301855092,985.51455,64.7171428571,73.7083200561
7/31/2012,47.9292888423,84.8244545455,50.1499676129,169.5437021485,500.8113412077,560.7993492265,202.0540909091,71.8963117254,145.8423973233,103.4689545455,63.5559254426,276.9595454545,540.7222939408,94.4786363636,119.6029545455,96.0171291992,86.4260841425,31.6823972742,828.0467727273,53.7497727273,64.8382217897
8/31/2012,42.6064409044,62.8184347826,45.4121387221,138.525923915,441.3490337562,494.5071909786,161.8712608696,64.5999727755,100.6865616416,77.3370434783,47.627708869,262.507826087,453.9182051352,82.7513043478,110.6669565217,76.6893518437,78.7742872163,27.8421831176,739.5899130435,39.9086956522,55.8455062238
9/30/2012,34.0786704333,52.7976,39.9348240177,111.8876111093,339.7150410872,378.1138383274,126.7232,58.4316195102,72.7111271414,59.2263,39.3259574362,216.998,320.9202301332,78.93325,95.7373333333,63.6821288426,72.5590442877,22.9120219156,519.5429,30.3005,48.0136066136
10/31/2012,35.2587245619,40.0278695652,38.9972965285,85.9461240408,284.3405115035,325.0630935596,94.914,54.9208086401,54.7645298057,39.9612608696,33.6787889781,210.4654347826,236.0512378153,80.0006521739,76.923,52.2422003381,62.4959627639,19.9829803107,462.2851304348,24.0145652174,40.6974814528
11/30/2012,35.0892936571,31.4928636364,35.843841804,82.9705847296,278.5930265197,317.5929007836,83.0681818182,42.9049490235,43.236426906,30.6167727273,28.8672343575,187.2013636364,193.3196284538,71.0427272727,#N/A,43.6857776827,48.2845321526,18.3467823138,558.4250909091,20.6463636364,30.4671154266
12/31/2012,36.3075290975,36.333952381,37.2672119623,86.5130094277,265.170545382,287.8250673449,79.6735238095,42.6175474781,42.2614422261,30.6408571429,28.9359029148,179.52,209.8322005502,76.6226190476,63.6132,44.1865875207,46.8817748068,17.9946860131,454.9927894737,18.6354761905,37.2522878271
1/31/2013,40.9526154009,40.6589565217,40.5087782358,85.288124165,237.2059571206,256.4480584849,77.6993913043,46.1851621398,44.0806381377,31.1226521739,29.1054232169,171.2108695652,188.3768898083,78.75,67.2372666667,48.1564097687,48.5429196774,18.2811004947,389.817826087,18.5534782609,45.67462564
2/28/2013,39.090747527,42.03345,41.7621808759,84.2571746676,254.7705525252,268.3850002461,75.70925,44.7814144288,45.7935804622,30.69955,30.0405924868,157.6935,177.0507561364,72.43075,67.8754736842,53.4430661312,46.6176027266,19.050178499,390.33215,20.3195,52.1096957381
3/31/2013,36.920195694,36.3462857143,39.7088426906,74.5683327963,278.4457866744,274.0819403515,71.6004285714,40.1703018187,42.1389809918,31.5673809524,30.5259399143,157.5516666667,172.9310539538,66.4988095238,67.8759,52.387206105,42.044317357,20.132612571,381.6206190476,21.3683333333,45.8632481208
4/30/2013,33.7314845397,34.7130454545,36.8528050093,76.0447519342,267.2260069638,262.0189566879,71.3685,41.0051067551,40.4666734007,33.0497727273,30.8230101832,153.5793181818,172.8299623524,69.9968181818,78.7302222222,57.3207927999,41.9842172285,19.7675986513,398.6602727273,21.9834090909,45.8618287049
5/31/2013,30.6097640195,32.346,32.896222444,68.6772320424,236.0405051116,222.5066121602,63.9975652174,39.9191908256,36.7790080081,31.049826087,27.7474846711,145.7539130435,148.9403243266,65.6382608696,70.069047619,55.0724567393,40.3041548925,18.008715719,324.2942173913,19.96,46.0881050864
6/30/2013,28.0726033505,29.6527,30.5212251405,73.5833310936,265.6538350258,258.2558094042,65.5267,52.057034154,35.4625948006,28.8439,25.5976293407,141.92025,159.5539669341,81.14675,89.4196923077,53.4590897031,51.5813408265,17.1548607493,372.7413,19.41675,48.0490149785
7/31/2013,25.6526435556,30.4313478261,30.2689988834,74.342846689,265.6968595775,266.9147585202,65.9026956522,51.8433931134,35.2161588654,29.3502608696,24.2052175979,150.5134782609,155.9092467741,67.7056521739,91.33,53.1075504132,51.9762120984,17.2265990568,474.1088695652,21.0536956522,43.7975292864
8/31/2013,22.7076335412,27.1521818182,25.371246802,67.6089852217,234.5281483241,226.9376966276,60.3802727273,49.0524150322,29.6686092402,23.7986818182,21.9091328916,151.7843181818,142.2007161957,64.2579545455,82.875,47.718506221,49.6098247728,14.9502429121,453.0916363636,17.6684090909,36.8937510785
9/30/2013,24.8582504665,26.2801428571,25.8755811249,67.226359665,243.1210604229,228.0270934041,60.211,44.4586267155,30.4533949405,24.7438571429,22.2181469577,148.0516666667,142.6948073727,62.1561904762,#N/A,49.3395221649,45.0357469773,15.3161015704,522.1751428571,17.3316666667,34.7589896265
10/31/2013,34.6863932773,23.1756956522,33.2313491073,62.3849801138,215.3086372731,196.7637177451,54.3903913043,40.2028056352,28.5740522396,22.453,20.4129283955,152.5295652174,131.7025749957,57.9517391304,60.4826,44.9133764517,39.9749394035,14.5732648024,402.5850434783,16.0469565217,30.4173924795
11/30/2013,30.1712386984,21.308047619,30.7024802551,50.8773530384,188.6886094198,160.8135607145,46.3837142857,39.9392314908,28.7879939641,19.8864761905,19.4587910328,158.74,124.0356385754,53.0776190476,59.4153333333,36.2551688491,39.5296852763,13.2296040232,351.7081904762,13.9423809524,26.9828211026
12/31/2013,29.5897733865,24.2877,30.0783241886,53.2790204099,172.385479337,154.9414019149,47.67095,38.9653781664,35.9199763169,20.5341578947,20.6564006408,184.6759090909,121.6677203642,44.7406818182,59.8454761905,36.9472474716,38.9543109068,13.3643038122,351.79455,15.1613636364,27.3391113656
1/31/2014,29.3225810375,23.6108181818,30.4236137178,51.9677573671,154.7566898016,130.0701972254,42.8906363636,42.0054825104,36.7644910508,21.5016818182,20.6911010926,188.7652173913,106.9340473635,48.122826087,68.7931304348,35.2145608646,41.530243734,13.6747219289,287.3863181818,16.1017391304,25.7293780552
2/28/2014,29.1578208206,24.7258,30.0148515021,53.9690854243,157.6040302157,131.6002662039,45.41165,45.3842391727,43.9507892341,24.3134,22.4988160545,189.3275,98.986590318,48.70275,68.5071,37.4836076967,44.5773445134,14.6003298024,256.7455,17.841,27.3622781799
3/31/2014,25.0731640988,23.513952381,28.810988352,50.6718889196,139.1444734487,112.0972134374,43.9371904762,46.0729580916,43.7480749731,24.1756666667,22.376981079,192.2166666667,86.2101140758,48.0319047619,61.9686666667,33.885185855,44.992908181,13.8902322045,211.839952381,16.7295238095,24.687776969
4/30/2014,19.7580674435,21.0907272727,23.111362853,47.6004761817,116.6116729998,92.6375308964,40.9430454545,43.6244897528,36.6701133748,23.1454545455,21.8800278317,174.6740909091,71.8367485804,46.9318181818,61.5221363636,30.8195698514,43.1959333038,12.5793678458,172.2233636364,15.2472727273,23.0991854434
5/31/2014,19.6385892355,21.1601818182,22.3136320509,44.1474686089,113.0048739301,86.8304137318,37.3639090909,40.3066396759,31.0782856769,23.7223636364,23.0636944891,170.5122727273,63.9366289676,42.2259090909,57.3406363636,30.0335944193,40.2778319828,13.0762316028,175.6504090909,15.2075,22.8931663844
6/30/2014,18.006069639,20.2487619048,20.8195333881,38.9805336717,92.0343429925,67.4350002744,38.2474761905,34.2344092778,29.778428852,23.3337142857,23.3956726471,163.4888095238,47.8152534404,37.3876190476,52.1373809524,29.0804332426,34.7656814462,12.6815604017,150.8447142857,14.3392857143,20.6701839653
7/31/2014,16.5140815177,21.5964782609,22.7814587755,41.8929705939,97.7973385087,70.5178155569,42.2028695652,29.4631144626,32.3419835363,24.6099130435,24.877685574,157.2673913043,51.3223648158,35.6484782609,51.5059565217,31.0952905913,29.6088646992,12.7161724448,182.701173913,14.9280434783,19.9674650038
8/31/2014,16.528139626,22.2172857143,20.7033474009,43.7554735074,102.8612868573,70.2644071662,45.259952381,29.1194732131,33.8128668027,25.4255238095,25.8408799332,143.8585714286,55.1690276792,38.2466666667,53.800952381,31.6403662741,29.5053708027,12.9984666785,185.8718095238,14.7088095238,20.6891037869
9/30/2014,17.4806954732,18.4765,20.4807448896,39.9501536458,91.574798613,64.7816059954,42.8887727273,29.4495157937,25.9241021679,23.4736818182,25.9233900527,135.0731818182,51.5278437427,35.3854545455,52.4695454545,23.6343468025,28.0615500597,11.9562315274,153.8680454545,13.7302272727,21.109115662
10/31/2014,17.860342313,19.1983043478,20.2815830611,47.2981036428,108.2881734644,83.2224287057,49.0725652174,34.193439723,25.345771247,24.0595652174,27.1964503782,131.0356521739,55.7231105308,46.6313043478,56.1529473684,23.1200953324,32.0627601935,12.5763371502,180.7421304348,14.3804347826,18.9456999776
11/30/2014,17.4954729449,19.1704,20.2166315156,47.8284824,114.8378587478,89.9721067518,52.1845,31.3794895509,24.4967100754,23.35215,26.2116068835,143.66625,53.5311325779,53.187,51.0446842105,22.6231883087,30.806070348,13.2904947631,200.2604,14.52675,19.0386820884
12/31/2014,17.0174577946,17.6078695652,19.6916122624,43.2522184812,123.2176019798,86.7114420013,47.7238333333,31.9405823065,21.3158651141,21.9507058824,22.5918598467,153.2808695652,46.9612493452,65.2265217391,51.0096153846,19.9013444159,30.7318828942,12.1473708297,196.0098571429,14.195,18.8445928768
1/31/2015,16.8845440278,17.8118181818,18.4985017579,43.8716733838,111.0694441879,79.8401360215,47.3596666667,34.3514938874,21.6612163444,20.8031428571,23.0951891748,161.1629545455,45.4301577659,63.8393181818,62.07795,19.2447362481,33.5962429979,13.26017892,188.7758636364,14.7565909091,19.4660275836
2/28/2015,16.4474327783,17.8584,18.5916390696,40.3879495749,105.553147531,89.7371473598,47.2275,31.3858206328,21.6244993552,20.35225,22.7496629306,165.3875,45.9607257688,48.9955,60.668,18.7703306757,31.3273759095,13.4804516437,172.2028,15.005,19.4074745577
3/31/2015,16.5545913895,16.6335454545,19.1353168305,35.9594056093,97.2289204943,78.8861284335,42.7814090909,29.2104110028,24.3351251221,20.1205,22.259903539,167.6731818182,45.0227140159,39.4536363636,53.5677368421,17.9906656752,30.4402976235,13.1365783454,127.4972272727,14.9315909091,18.8597441507
4/30/2015,16.2981001958,16.9462727273,19.5633746867,34.2715988795,107.7693860528,83.0833308044,44.5164705882,29.8032540244,25.3399690499,19.9951764706,21.7879051418,158.2872727273,46.2061632556,35.3870454545,49.64775,17.1119532582,29.7517914119,13.2847216741,144.5153181818,14.3984090909,20.2658360181
5/31/2015,16.0382739516,17.2426190476,19.1987564719,29.9083023865,103.6577726479,75.7131722827,41.4600833333,29.9079470846,24.854507845,19.58975,21.0341847718,157.5202380952,48.4271085763,37.9964285714,46.7405625,16.7004528108,28.7875176118,13.1029573816,148.158952381,14.6019047619,18.5654591362
6/30/2015,16.0122800745,15.0716363636,20.0176665699,29.9235036682,108.0418975076,84.6454691896,40.3392272727,30.4823196509,25.5121311968,19.8182727273,20.4951929625,164.5184090909,49.8110742809,42.0520454545,49.0505294118,17.0101695191,29.7060396775,13.4441538083,176.0514090909,14.9997727273,17.7972742122
7/31/2015,15.5209526104,14.6490434783,21.0529396382,31.9324432226,110.7629591622,90.7906425515,40.7265,30.5607517468,27.4671577587,21.4013181818,20.0327326175,142.3763043478,49.9996132305,41.6026086957,52.3630909091,17.4495118714,29.5879650277,14.2429553586,183.8459565217,16.6445652174,18.2864837397
8/31/2015,15.4978451278,13.6297619048,21.1443994436,30.7638682622,104.483363161,89.2391585538,38.98,37.7390950009,26.0669945297,19.6863846154,19.9355459701,134.8404761905,47.7764535828,38.2669047619,63.08255,16.5032204244,36.3575141163,14.1315357214,169.8560952381,16.4402380952,17.8898328498
9/30/2015,14.7498619006,13.8168181818,23.2347777769,29.3166188077,104.6680459511,92.4882705325,38.5375909091,43.1872713742,26.2007027853,17.8583181818,19.15594887,137.1422727273,46.6463316555,38.8538636364,69.8547619048,15.5613581602,41.5945751858,13.160267293,172.0989090909,16.13,16.0187384858
10/31/2015,15.0496857409,13.7801363636,25.1137956576,28.7875541205,101.5626964438,88.6809564386,38.0399090909,46.546459232,25.9694862805,16.9592272727,18.7999607631,132.0902272727,45.5502939246,42.7990909091,66.6361363636,15.4119266564,44.1386115154,13.0679199447,167.0732272727,15.2179545455,16.041527277
11/30/2015,19.3612933357,13.0283809524,25.4337725382,26.0869668358,87.4415118365,78.4315623583,34.2199047619,38.9025065457,23.5009128199,16.3940952381,17.9779310304,136.6764285714,40.6230068,48.064047619,57.3271875,15.4420686139,38.2541756112,13.0190243722,190.4364761905,13.7804761905,15.8415660072
12/31/2015,18.6858979622,12.7151304348,26.2353236792,23.8728385728,86.2598185843,77.3980746041,32.8656818182,37.3814732587,22.3906293914,15.6951,17.5260170375,141.0356521739,37.0115632439,50.3473913043,55.5918823529,14.6474139375,36.7303723987,13.1411770704,173.5713478261,14.2582608696,17.8919586034
1/31/2016,19.0678594822,13.0019047619,25.4663679327,24.6831721995,95.8732395036,86.5827327945,34.40685,42.7793316036,23.3282063452,15.41725,18.1705847107,150.9795238095,38.6672913085,50.3085714286,65.6956,14.8429887273,40.1016435397,14.5975144795,194.8011904762,14.2352380952,22.9755634737
2/29/2016,18.8834097466,19.479,26.3226646933,32.5991757212,128.8738710575,100.8980367127,42.9422380952,48.0802004484,27.646148207,18.1917142857,22.8461304672,120.6304761905,54.4196353902,50.7011904762,70.7544117647,19.9903758674,46.0675918928,19.9721329996,306.1882380952,18.9573809524,33.6551308301
3/31/2016,19.2546488047,19.386,26.7208581211,30.423108573,114.3543511783,87.6570739831,47.1837368421,38.0348286058,28.3163872856,21.7948947368,24.1376357207,102.6847826087,59.6208583985,45.8684782609,62.9417272727,23.1043219055,38.8865403998,20.3204899739,262.505173913,21.8795652174,35.6830166627
4/30/2016,18.5976154053,18.3454285714,26.229239546,32.0317277433,118.9228625155,85.8772423545,48.51175,32.6383832538,27.9679785108,22.08825,24.270027784,103.1938095238,59.0719470779,41.6054761905,64.9068333333,23.1531311401,32.2117306032,20.7287195516,264.6498421053,22.9411904762,38.2531499802
5/31/2016,18.943804945,18.7419545455,26.1235681658,35.2240930963,115.9974246236,84.6900618973,49.215,35.3007616711,28.6172740183,22.1774705882,24.2410652233,104.8413636364,59.7455279291,36.4488636364,62.3593333333,23.539164765,32.5927932465,20.9809140598,263.2251176471,24.7163636364,33.2292345086
6/30/2016,19.4438087294,19.5171363636,25.6199126002,37.018474527,132.5197327659,96.7130314516,41.893,32.8522939331,29.2879113247,22.208,26.0278432949,103.9411363636,67.0102373022,39.9915909091,59.4799090909,26.1022073347,30.2051426612,21.1766432149,296.9329545455,25.2472727273,36.0148283972
7/31/2016,22.6769412691,17.7699047619,25.7096491667,34.2426347719,125.3404371984,85.4580213078,#N/A,29.4241525887,27.8780541471,24.8715,27.1266669323,94.1973809524,67.7996227458,36.1078571429,50.6272857143,27.1161242684,30.0203486875,20.1554917153,289.475047619,26.3704761905,36.5539468616
8/31/2016,23.9243173913,16.7242173913,25.7335173913,27.316373913,120.1060782609,73.1614521739,#N/A,21.6955521739,25.7655130435,23.8238666667,25.7236826087,89.8417391304,57.5890217391,33.765,45.2492173913,24.8219478261,21.1961304348,18.2476782609,276.8827826087,25.6545652174,32.2505826087
9/30/2016,25.1007772727,16.9845,30.6550909091,25.8147772727,124.5298227273,71.3314818182,#N/A,20.4840181818,24.3491681818,24.1138333333,25.5603409091,90.1427272727,53.8136636364,32.9893181818,41.3375909091,24.32985,19.0322409091,18.3087181818,292.6341818182,24.2727272727,30.9876772727
10/31/2016,20.8471571429,19.13015,31.6085190476,27.5150666667,131.521547619,67.2192571429,#N/A,22.676147619,24.6794809524,23.5931428571,23.4843047619,91.3688095238,55.8807285714,33.7161904762,40.9736,24.6675714286,19.7765619048,19.0937714286,286.7084,24.0419047619,35.293195
11/30/2016,24.1372318182,21.8296363636,32.6806681818,33.5256590909,147.3093181818,72.9807136364,30.7553333333,23.6021863636,27.9314454545,23.7956875,23.6817363636,93.1290909091,61.5294272727,33.07,48.8842272727,25.4076954545,21.6068045455,18.6654545455,277.0777692308,25.2077272727,35.3592954545
12/31/2016,23.9216772727,22.7767727273,33.2737818182,35.0557181818,143.0857227273,72.5928318182,33.6425,22.4844590909,27.99995,23.145,22.7516590909,93.1115909091,60.7911045455,30.8147727273,43.9383529412,27.4333454545,21.5257818182,18.0355454545,274.2132777778,24.045,31.8237818182
1/31/2017,22.0033363636,20.807,32.7638909091,35.9241590909,141.5787181818,70.1323272727,32.2321578947,21.2798590909,26.8980545455,21.561875,22.5174181818,86.5111363636,59.6316272727,29.6245454545,46.69985,26.5869954545,20.2210545455,18.6292454545,274.2064285714,23.2756818182,26.5869227273
2/28/2017,21.615325,22.69655,31.231375,42.72402,155.872655,70.96565,32.6664666667,22.566015,25.91191,18.8484,21.85108,87.542,63.683555,25.3905,45.57895,25.664925,20.75412,18.08754,285.0574736842,22.0175,27.21083
3/31/2017,21.3282333333,21.124,31.1947333333,33.9112666667,139.6429333333,64.824,32.5875,22.1642,23.1846666667,20.1866666667,21.361,87.7916666667,60.7443666667,23.9466666667,44.737,26.0156,21.3629,17.3298666667,277.875,21.8516666667,27.1216
4/30/2017,#N/A,#N/A,#N/A,#N/A,#N/A,#N/A,#N/A,#N/A,#N/A,#N/A,#N/A,#N/A,#N/A,#N/A,#N/A,#N/A,#N/A,#N/A,#N/A,#N/A,#N/A
