Date,Period,rgdp,ngdp,rgdp_pch,ngdp_pch,rgdp_capita,cpi,hicp,cons_aggr,cons_gth,cons_gth_pc,OB_GDP,Pub_D,Int_Exp,avg_maturity,Int_3M,Int_1y,Int_5y,Int_10y,cds_5y,fitch_LC,fitch_FC,SP_LC,SP_FC,Moody_LC,Moody_FC,cpi_FE_WEO,rgdp_FE_WEO,ngdp_FE_WEO,Int_Exp_2,rfr
01/01/1960,1960q1,3123.162,543.3,2.2276819382,2.6450028339,17380,29.397,,102.3,,568.3996466254,0.2496318115,54.2910125142,3.1106202835,4.901369863,,,,,,,,,,,Aaa,,,,2.5274725275,3.93
04/01/1960,1960q2,3111.31,542.7,-0.3794871992,-0.1104362231,17253,29.573,,104.1,1.7595307918,578.4008134282,1.0302137067,54.2910125142,3.1324857196,4.901369863,,,,,,,,,,,Aaa,,,,2.5318795047,3.7
07/01/1960,1960q3,3119.057,546,0.2489947964,0.6080707573,17223,29.59,,104.7,0.5763688761,581.7345356958,0.0285714286,54.2910125142,3.0769230769,4.901369863,,,,,,,,,,,Aaa,,,,2.509617146,2.94
10/01/1960,1960q4,3081.3,541.1,-1.2105261302,-0.8974358974,16938,29.78,,105.6,0.8595988539,586.7351190972,-0.4981522542,54.2910125142,3.0863056736,4.901369863,,,,,,,,,,,Aaa,,,,2.4578399713,2.3
01/01/1961,1961q1,3102.251,545.9,0.6799402849,0.8870818703,16986,29.84,,105.6,0,577.0744076244,-1.0937728938,52.9541689573,3.0591683459,4.901369863,,,,,,,,,,,Aaa,,,,2.4639211545,2
04/01/1961,1961q2,3159.918,557.4,1.8588760226,2.1066129328,17236,29.83,,107.3,1.6098484848,586.364431232,-1.4268292683,52.9541689573,3.0498744169,4.901369863,,,,,,,,,,,Aaa,,,,2.4415405777,1.73
07/01/1961,1961q3,3212.606,568.2,1.6673850397,1.9375672766,17450,29.947,,108.4,1.0251630941,592.3756229781,-0.9690358902,52.9541689573,3.0623020063,4.901369863,,,,,,,,,,,Aaa,,,,2.436155914,1.68
10/01/1961,1961q4,3277.717,581.6,2.0267346821,2.3583245336,17728,29.99,,110.7,2.1217712177,604.9444784471,-1.0687757909,52.9541689573,3.0261348006,4.901369863,,,,,,,,,,,Aaa,,,,2.4892134086,2.4
01/01/1962,1962q1,3336.753,595.2,1.8011317023,2.3383768913,17983,30.107,,112.8,1.8970189702,607.1991860947,-1.5463709677,50.8441261722,3.0241935484,4.901369863,,3.2,3.84,4.02,,,,,,,Aaa,,,,2.5098425197,2.46
04/01/1962,1962q2,3372.706,602.6,1.0774846085,1.2432795699,18113,30.22,,114.6,1.5957446809,616.888534809,-0.9820836098,50.8441261722,3.0534351145,4.901369863,,3.01,3.63,3.88,,,,,,,Aaa,,,,2.5444462567,2.61
07/01/1962,1962q3,3404.833,609.6,0.9525585687,1.161632924,18215,30.307,,116.1,1.3089005236,624.9629920709,-0.6450131234,50.8441261722,3.1003937008,4.901369863,,3.19,3.74,3.99,,,,,,,Aaa,,,,2.5373374016,2.85
10/01/1962,1962q4,3418.046,613.1,0.3880660226,0.5741469816,18212,30.38,,118,1.6365202412,635.190637936,-1.6073059361,50.8441261722,3.1153156092,4.901369863,,2.99,3.6,3.9,,,,,,,Aaa,,,,2.5482747705,2.92
01/01/1963,1963q1,3456.08,622.7,1.1127410222,1.5658130811,18354,30.477,,119,0.8474576271,631.3566740767,-0.9768786127,49.4358493616,3.1154649109,4.901369863,,3.03,3.64,3.89,,,,,,,Aaa,,,,2.5426356589,2.97
04/01/1963,1963q2,3501.134,631.8,1.303615657,1.4613778706,18534,30.533,,120,0.8403361345,636.6621923463,-1.1607594937,49.4358493616,3.1339031339,4.901369863,,3.14,3.75,3.96,,,,,,,Aaa,,,,2.5656689065,2.96
07/01/1963,1963q3,3569.479,645,1.9520818112,2.0892687559,18823,30.72,,122.7,2.25,650.9870916741,-0.8766274024,49.4358493616,3.1472868217,4.901369863,,3.53,3.91,4.03,,,,,,,Aaa,,,,2.5480554314,3.33
10/01/1963,1963q4,3594.954,654.8,0.7136895889,1.519379845,18885,30.803,,124.3,1.30399348,659.4759209053,-1.1643249847,49.4358493616,3.1765424557,4.901369863,,3.73,4.01,4.12,,,,,,,Aaa,,,,2.5411280846,3.45
01/01/1964,1964q1,3672.708,671.1,2.162864949,2.4893097129,19233,30.93,,126.9,2.0917135961,663.9077958157,-0.7532777116,46.9164509332,3.1589926986,4.901369863,,3.83,4.08,4.18,,,,,,,Aaa,,,,2.5548498845,3.46
04/01/1964,1964q2,3716.382,680.8,1.1891498044,1.4453881687,19401,30.98,,129.2,1.8124507486,675.9407976311,-2.4535840188,46.9164509332,3.1727379553,4.901369863,,3.86,4.08,4.2,,,,,,,Aaa,,,,2.5630011455,3.49
07/01/1964,1964q3,3766.862,692.8,1.3583103136,1.7626321974,19593,31.05,,131.8,2.0123839009,689.5433214224,-0.9942263279,46.9164509332,3.1466512702,4.901369863,,3.77,4.05,4.19,,,,,,,Aaa,,,,2.5305895439,3.46
10/01/1964,1964q4,3780.219,698.4,0.3545922309,0.8083140878,19593,31.193,,132.5,0.531107739,693.2055393662,-0.8820160367,46.9164509332,3.1500572738,4.901369863,,3.93,4.07,4.17,,,,,,,Aaa,,,,2.5259421081,3.58
01/01/1965,1965q1,3873.452,719.2,2.4663385904,2.9782359679,20021,31.29,,135.5,2.2641509434,700.1643190062,-0.010567297,44.0597000417,3.1284760845,4.901369863,,4.01,4.13,4.2,,,,,,,Aaa,,,,2.4926686217,3.97
04/01/1965,1965q2,3926.406,732.4,1.3671009735,1.8353726363,20240,31.49,,137.7,1.6236162362,711.5323005694,-0.9388312398,44.0597000417,3.1403604588,4.901369863,,4.02,4.15,4.21,,,,,,,Aaa,,,,2.4705730177,4.08
07/01/1965,1965q3,4006.152,750.2,2.0310176788,2.4303659203,20582,31.583,,141.3,2.614379085,730.1344522183,-0.4349680171,44.0597000417,3.0925086644,4.901369863,,4.09,4.2,4.25,,,,,,,Aaa,,,,2.4332120908,4.07
10/01/1965,1965q4,4100.631,773.1,2.358347861,3.0525193282,20999,31.75,,146.1,3.3970276008,754.9373210835,-1.7009829281,44.0597000417,3.0526451947,4.901369863,,4.47,4.51,4.48,,,,,,,Aaa,,,,2.4777006938,4.17
01/01/1966,1966q1,4201.891,797.3,2.4693760546,3.1302548183,21464,32.047,,149.2,2.12183436,762.8747903628,-1.058203713,40.5304827062,3.0352439483,4.901369863,,4.93,4.92,4.77,,,,,,,Aaa,,,,2.4975633528,4.56
04/01/1966,1966q2,4219.097,807.2,0.4094823021,1.2416907061,21496,32.337,,151.6,1.6085790885,775.1462347118,0.5004955401,40.5304827062,3.0723488603,4.901369863,,4.93,4.9,4.78,,,,,,,Aaa,,,,2.5272487723,4.91
07/01/1966,1966q3,4249.152,820.8,0.7123562222,1.6848364718,21583,32.617,,155.3,2.4406332454,794.0647114165,-1.8050682261,40.5304827062,3.1067251462,4.901369863,,5.52,5.4,5.15,,,,,,,Aaa,,,,2.5413711584,5.41
10/01/1966,1966q4,4285.582,834.9,0.8573475366,1.7178362573,21701,32.883,,157.3,1.2878300064,804.2909150407,-1.235265932,40.5304827062,3.126122889,4.901369863,,5.44,5.21,5,,,,,,,Aaa,,,,2.5378921396,5.56
01/01/1967,1967q1,4324.926,846,0.918055004,1.329500539,21847,32.967,,160.2,1.8436109345,811.3158814324,-1.4539007092,39.1105263158,3.1087470449,4.901369863,,4.59,4.65,4.58,,,,,,,Aaa,,,,2.5271174706,4.82
04/01/1967,1967q2,4328.72,851.1,0.0877240443,0.6028368794,21812,33.167,,163.1,1.8102372035,826.002623356,-0.8796992481,39.1105263158,3.1136176712,4.901369863,,4.25,4.76,4.83,,,,,,,Aaa,,,,2.5588768116,3.99
07/01/1967,1967q3,4366.088,866.6,0.8632574988,1.8211726002,21939,33.5,,165.7,1.5941140405,839.1700471495,-3.0733733272,39.1105263158,3.1502423263,4.901369863,,5.13,5.31,5.25,,,,,,,Aaa,,,,2.5792997476,3.89
10/01/1967,1967q4,4401.233,883.2,0.804954,1.915531964,22053,33.867,,168.8,1.8708509354,854.8696678264,-1.7341485507,39.1105263158,3.2269021739,4.901369863,,5.56,5.7,5.64,,,,,,,Aaa,,,,2.6060023497,4.17
01/01/1968,1968q1,4490.609,911.1,2.0307036687,3.1589673913,22454,34.2,,174.9,3.6137440758,877.1357930581,-3.8366988586,38.1325726824,3.2158928767,4.901369863,,5.48,5.63,5.61,,,,,,,Aaa,,,,2.625223144,4.79
04/01/1968,1968q2,4566.442,936.3,1.688701911,2.7658873889,22781,34.533,,179,2.3441966838,897.6975812316,-3.2699700982,38.1325726824,3.2361422621,4.901369863,,5.95,5.87,5.75,,,,,,,Aaa,,,,2.6182867746,5.98
07/01/1968,1968q3,4599.332,952.3,0.7202544125,1.7088539998,22883,35,,184,2.7932960894,922.7729326627,0.8857622848,38.1325726824,3.2657775911,4.901369863,,5.51,5.52,5.46,,,,,,,Aaa,,,,2.5818766325,5.94
10/01/1968,1968q4,4619.803,970.1,0.4450863734,1.8691588785,22923,35.433,,187.2,1.7391304348,938.8211575785,-0.3068041237,38.1325726824,3.2677043604,4.901369863,,5.83,5.78,5.77,,,,,,,Aaa,,,,2.6399050821,5.92
01/01/1969,1969q1,4691.637,995.4,1.5549147875,2.6079785589,23231,35.867,,190.3,1.655982906,944.9561784641,-0.2587384492,35.8997564194,3.2047418123,4.901369863,,6.36,6.33,6.17,,,,,,,Aaa,,,,2.6937984496,6.57
04/01/1969,1969q2,4706.684,1011.4,0.3207196124,1.6073940125,23252,36.433,,194.4,2.1544929059,965.3151922934,1.3036773428,35.8997564194,3.272691319,4.901369863,,6.57,6.53,6.36,,,,,,,Aaa,,,,2.8538483713,8.33
07/01/1969,1969q3,4736.143,1032,0.6258971284,2.0367807,23332,36.933,,198.4,2.0576131687,985.1776448097,0.5387596899,35.8997564194,3.3430232558,4.901369863,,7.65,7.2,6.86,,,,,,,Aaa,,,,2.9900332226,8.98
10/01/1969,1969q4,4715.469,1040.7,-0.436515536,0.8430232558,23162,37.5,,202.2,1.9153225806,1004.0469747002,0.1252882398,35.8997564194,3.5168636495,4.901369863,,7.9,7.68,7.31,,,,,,,Aaa,,,,3.0744790207,8.94
01/01/1970,1970q1,4707.112,1053.5,-0.1772252134,1.2299413856,23064,38.1,,205.8,1.7804154303,1008.9026590321,-0.4460895976,35.6755506396,3.6734693878,4.901369863,,7.55,7.73,7.38,,,,,,,Aaa,,,,3.1511254019,8.57
04/01/1970,1970q2,4715.441,1070.1,0.1769450143,1.5757000475,23033,38.633,,208.6,1.3605442177,1022.6292258216,-0.651588785,35.6755506396,3.7753480983,4.901369863,,7.45,7.77,7.71,,,,,,,Aaa,,,,3.1699496106,7.88
07/01/1970,1970q3,4757.213,1088.5,0.885855639,1.7194654705,23159,39.033,,212.6,1.9175455417,1042.2386069496,-1.8537302462,35.6755506396,3.8677078548,4.901369863,,6.94,7.49,7.46,,,,,,,Aaa,,,,3.0497451222,6.7
10/01/1970,1970q4,4708.281,1091.5,-1.0285854344,0.2756086357,22841,39.6,,215.1,1.1759172154,1054.4944701545,-1.3961157933,35.6755506396,3.930371049,4.901369863,,5.64,6.5,6.85,,,,,,,Aaa,,,,3.0015525272,5.57
01/01/1971,1971q1,4834.349,1137.8,2.6775802039,4.2418689876,23381,39.933,,221.5,2.9753602975,1070.9433487891,-1.8597539543,36.1665780613,3.8231675163,4.901369863,,4.03,5.46,6,,,,,,,Aaa,,,,2.999237482,3.86
04/01/1971,1971q2,4861.938,1159.4,0.5706869736,1.8984004219,23447,40.3,,226,2.0316027088,1092.7006628728,-2.7371507416,36.1665780613,3.7864412627,4.901369863,,5,6.16,6.25,,,,,,,Aaa,,,,3.0160857909,4.56
07/01/1971,1971q3,4899.95,1180.3,0.7818281517,1.8026565465,23557,40.7,,229.8,1.6814159292,1111.0735058769,-2.0925110132,36.1665780613,3.8125900195,4.901369863,,5.75,6.51,6.49,,,,,,,Aaa,,,,2.9583400875,5.47
10/01/1971,1971q4,4914.261,1193.6,0.2920642047,1.1268321613,23554,41,,234.6,2.088772846,1134.2813075662,-1.8418230563,36.1665780613,3.8622654155,4.901369863,,4.72,5.79,5.89,,,,,,,Aaa,,,,2.928903236,4.75
01/01/1972,1972q1,5002.436,1233.8,1.7942677444,3.3679624665,23919,41.333,,241.1,2.7706734868,1152.0230882437,-2.2486223663,35.1447920026,3.8174744691,4.901369863,,4.41,5.72,6.03,,,,,,,Aaa,,,,2.9293553872,3.54
04/01/1972,1972q2,5118.278,1270.1,2.3157117852,2.9421300049,24415,41.6,,246.7,2.3226876815,1178.7809866019,-1.3965354331,35.1447920026,3.7949767735,4.901369863,,4.84,5.97,6.14,,,,,,,Aaa,,,,2.9204204204,4.3
07/01/1972,1972q3,5165.448,1293.8,0.9215990222,1.8659948036,24576,41.933,,251.1,1.7835427645,1199.8050495977,-0.3653786708,35.1447920026,3.8027515845,4.901369863,,5.15,6.08,6.29,,,,,,,Aaa,,,,2.9622655175,4.74
10/01/1972,1972q4,5251.226,1332,1.6606110448,2.9525428969,24918,42.367,,258.2,2.8275587415,1233.730242159,-1.524024024,35.1447920026,3.7912912913,4.901369863,,5.44,6.15,6.37,,,,,,,Aaa,,,,3.0050790068,5.14
01/01/1973,1973q1,5380.502,1380.7,2.4618251052,3.6561561562,25477,43.033,,265.4,2.7885360186,1255.6953401118,-1.5028968714,33.6550703717,3.8169044687,4.901369863,,6.32,6.58,6.6,,,,,,,Aaa,,,,3.0762806236,6.54
04/01/1973,1973q2,5441.504,1417.6,1.1337603815,2.6725573984,25708,43.933,,270.3,1.8462697815,1278.8788637235,-0.8177200903,33.6550703717,3.8515801354,4.901369863,,7.02,6.72,6.81,,,,,,,Aaa,,,,3.0694341153,7.82
07/01/1973,1973q3,5411.935,1436.8,-0.5433975607,1.3544018059,25505,44.8,,275.4,1.8867924528,1303.008653605,-0.3034521158,33.6550703717,3.9323496659,4.901369863,,8.52,7.36,7.22,,,,,,,Aaa,,,,3.0909212551,10.56
10/01/1973,1973q4,5462.397,1479.1,0.9324206592,2.9440423163,25680,45.933,,280.8,1.9607843137,1328.5578428914,0.3612763656,33.6550703717,3.9280643635,4.901369863,,7.41,6.83,6.76,,,,,,,Aaa,,,,3.0895580759,10
01/01/1974,1974q1,5417.024,1494.7,-0.8306426647,1.0546954229,25415,47.3,,287.3,2.3148148148,1346.6640417733,-0.4765854964,32.2380413058,3.9807319194,4.901369863,,7.38,7.04,7.06,,,,,,,Aaa,,,,3.1277983881,9.32
04/01/1974,1974q2,5431.265,1534.2,0.2628934264,2.6426707701,25427,48.567,,295.9,2.9933867038,1386.9749041445,-0.4874869656,32.2380413058,3.9890496676,4.901369863,,8.69,8.07,7.54,,,,,,,Aaa,,,,3.0879600749,11.25
07/01/1974,1974q3,5378.679,1563.4,-0.9682090636,1.9032720636,25117,49.933,,305.3,3.1767489017,1431.0356141782,-0.6584804298,32.2380413058,4.0552641678,4.901369863,,9.02,8.46,7.96,,,,,,,Aaa,,,,3.1057051124,12.09
10/01/1974,1974q4,5357.166,1603,-0.3999680963,2.532941026,24952,51.467,,310.6,1.7359973796,1455.8783549418,-1.2133233533,32.2380413058,4.0361821585,4.901369863,,7.68,7.66,7.67,,,,,,,Aaa,,,,3.1091523787,9.35
01/01/1975,1975q1,5292.444,1619.6,-1.2081387808,1.0355583281,24601,52.567,,318.9,2.6722472634,1480.0547652751,-2.8090886639,33.1412059687,4.0936033589,4.901369863,,6.34,7.28,7.54,,,,,,,Aaa,,,,3.0925428872,6.3
04/01/1975,1975q2,5333.22,1656.4,0.7704569004,2.2721659669,24731,53.2,,328.1,2.8849169019,1522.7531153552,-6.2525959913,33.1412059687,4.1113257667,4.901369863,,6.53,7.74,8.05,,,,,,,Aaa,,,,3.1202219831,5.42
07/01/1975,1975q3,5421.357,1713.8,1.6526038678,3.4653465347,25065,54.267,,337.8,2.9564157269,1567.7720279396,-4.7024504084,33.1412059687,4.0903255923,4.901369863,,7.52,8.2,8.29,,,,,,,Aaa,,,,3.1186626473,6.16
10/01/1975,1975q4,5494.446,1765.9,1.3481679956,3.0400280079,25338,55.267,,346.5,2.5754884547,1608.1498155153,-4.2708946772,33.1412059687,4.0942295713,4.901369863,,6.7,7.85,8.06,,,,,,,Aaa,,,,3.1288706985,5.41
01/01/1976,1976q1,5618.52,1824.5,2.2581712515,3.3184212017,25854,55.9,,355.6,2.6262626263,1634.4690963077,-3.430607323,34.4848950052,4.0613866813,4.901369863,,5.99,7.47,7.75,,,,,,,Aaa,,,,3.1420259191,4.83
04/01/1976,1976q2,5660.972,1856.9,0.7555726419,1.7758289942,25994,56.4,,361.6,1.6872890889,1662.0473150306,-2.7697113313,34.4848950052,4.0659163121,4.901369863,,6.28,7.48,7.77,,,,,,,Aaa,,,,3.1572430871,5.2
07/01/1976,1976q3,5689.756,1890.5,0.5084639175,1.8094673919,26059,57.3,,369.4,2.157079646,1697.8989993703,-3.1239949217,34.4848950052,4.0729965618,4.901369863,,6.02,7.31,7.73,,,,,,,Aaa,,,,3.1116687578,5.28
10/01/1976,1976q4,5732.462,1938.4,0.7505770019,2.5337212378,26186,58.133,,379.9,2.8424472117,1746.1608821353,-2.6795295089,34.4848950052,4.0806851011,4.901369863,,5.22,6.45,7.18,,,,,,,Aaa,,,,3.0967867197,4.87
01/01/1977,1977q1,5799.16,1992.5,1.1635140364,2.7909616178,26429,59.2,,390.5,2.7902079495,1776.93847834,-1.9616542863,34.7739490007,4.0401505646,4.901369863,,5.42,6.78,7.36,,,,,,,Aaa,,,,3.1002638522,4.66
04/01/1977,1977q2,5912.977,2060.2,1.9626463143,3.3977415307,26883,60.233,,399.3,2.2535211268,1816.9821623589,-1.9522422831,34.7739490007,4.0141733812,4.901369863,,5.7,6.83,7.37,,,,,,,Aaa,,,,3.2000737769,5.16
07/01/1977,1977q3,6017.586,2122.4,1.769142684,3.0191243569,27282,61.067,,408.8,2.3791635362,1860.2111394248,-2.6586882774,34.7739490007,4.0190350547,4.901369863,,6.29,6.98,7.36,,,,,,,Aaa,,,,3.3503871055,5.82
10/01/1977,1977q4,6018.218,2168.7,0.0105025504,2.1814926498,27207,61.967,,420.7,2.9109589041,1914.3611212232,-3.1634083364,34.7739490007,4.12228524,4.901369863,,6.96,7.38,7.6,,,,,,,Aaa,,,,3.308225627,6.51
01/01/1978,1978q1,6039.158,2208.7,0.3479435275,1.8444229262,27238,63.033,,429.8,2.1630615641,1935.2079065265,-2.9858746831,33.8256021604,4.2649522343,4.901369863,,7.31,7.82,8.01,,,,,,,Aaa,,,,3.372379007,6.76
04/01/1978,1978q2,6273.963,2336.6,3.8880420085,5.7907366324,28225,64.467,,445.9,3.7459283388,2007.699407911,-0.921602191,33.8256021604,4.1941282205,4.901369863,,7.8,8.18,8.33,,,,,,,Aaa,,,,3.3921521231,7.28
07/01/1978,1978q3,6335.317,2398.9,0.9779145972,2.6662672259,28418,65.967,,455.1,2.0632428796,2049.1231229879,-1.7250291813,33.8256021604,4.2602859644,4.901369863,,8.44,8.43,8.49,,,,,,,Aaa,,,,3.4602622847,8.1
10/01/1978,1978q4,6420.288,2482.2,1.3412272819,3.4724248614,28715,67.5,,467.2,2.6587563173,2103.6043134695,-1.6790203029,33.8256021604,4.2744339699,4.901369863,,9.8,8.84,8.82,,,,,,,Aaa,,,,3.4631534343,9.58
01/01/1979,1979q1,6433.044,2531.6,0.1986826759,1.9901700105,28699,69.2,,478.5,2.4186643836,2130.767209786,-1.4049612893,,4.3529783536,4.901369863,,10.3,9.18,9.11,,,,,,,Aaa,,,,3.4564110246,10.07
04/01/1979,1979q2,6440.832,2595.9,0.1210624395,2.5398957181,28659,71.4,,490.5,2.5078369906,2184.2033780564,-0.1197226502,,4.3568704496,4.901369863,,9.93,9.11,9.12,,,,,,,Aaa,,,,3.5192441499,10.18
07/01/1979,1979q3,6487.08,2670.4,0.71804388,2.8699102431,28778,73.7,,505.6,3.0784913354,2251.4438897968,-0.9719892151,,4.3476632714,4.901369863,,10.13,9.11,9.1,,,,,,,Aaa,,,,3.6581441087,10.95
10/01/1979,1979q4,6503.874,2730.7,0.2588838121,2.2580886759,28763,76.033,,520.4,2.9272151899,2317.3484973304,-1.4657975685,,4.4054638005,4.901369863,,12.28,10.65,10.44,,,,,,,Aaa,,,,3.8322797243,13.58
01/01/1980,1980q1,6524.912,2796.5,0.3234687511,2.4096385542,28775,79.033,,535.5,2.901614143,2356.6949059303,-2.0906880275,41.1788050551,4.5378151261,4.901369863,,13.9,12.23,11.96,,,,,,,Aaa,,,,3.7797202797,15.05
04/01/1980,1980q2,6392.578,2799.9,-2.0281346323,0.1215805471,28113,81.7,,540.3,0.8963585434,2377.8193420618,-2.4007142857,41.1788050551,4.7323118683,4.901369863,,10.28,10.33,10.48,,,,,,,Aaa,,,,3.7581426424,12.69
07/01/1980,1980q3,6382.892,2860,-0.1515194652,2.1465052323,27987,83.233,,556.3,2.9613177864,2448.2341291671,-2.6488111888,41.1788050551,4.6818181818,4.901369863,,10.11,10.64,10.94,,,,,,,Aaa,,,,4.023245418,9.84
10/01/1980,1980q4,6501.184,2993.5,1.853266513,4.6678321678,28428,85.567,,577.5,3.8108934028,2541.5337220816,-1.6273383218,41.1788050551,4.6500751629,4.901369863,,13.82,12.63,12.41,,,,,,,Aaa,,,,4.088655953,15.85
01/01/1981,1981q1,6635.726,3131.8,2.0694999557,4.6200100217,28957,87.933,,595.1,3.0476190476,2593.4125317041,-3.0432950192,40.3255759633,4.9077207995,4.901369863,,14.09,13.19,12.95,,,,,,,Aaa,,,,4.1610450141,16.57
04/01/1981,1981q2,6587.269,3167.3,-0.7302441361,1.1335334313,28681,89.767,,606.4,1.898840531,2642.6572999922,-1.5848699166,40.3255759633,4.9979477789,4.901369863,,15.1,14.18,13.74,,,,,,,Aaa,,,,4.3368356936,17.78
07/01/1981,1981q3,6662.858,3261.2,1.1475013393,2.9646702238,28931,92.267,,617.7,1.8634564644,2691.9020682803,-1.4015699742,40.3255759633,5.074819085,4.901369863,,16.31,15.42,14.84,,,,,,,Aaa,,,,4.4840857719,17.58
10/01/1981,1981q4,6585.127,3283.5,-1.1666314966,0.6837973752,28519,93.767,,625.8,1.3113161729,2727.2014154603,-3.7037397978,40.3255759633,5.2809502056,4.901369863,,13.59,14.16,14.12,,,,,,,Aaa,,,,4.5297631555,13.59
01/01/1982,1982q1,6474.973,3273.8,-1.6727695609,-0.2954164763,27982,94.6,,637.9,1.9335250879,2753.5568754748,-1.2899205864,44.9798206278,5.4676522695,4.901369863,13.47,14.3,14.36,14.27,,,,,,,Aaa,,,,4.6300971162,14.23
04/01/1982,1982q2,6510.247,3331.3,0.5447744724,1.7563687458,28073,95.967,,646.4,1.3324972566,2790.2479453001,-3.3788424592,44.9798206278,5.5353765797,4.901369863,13.05,13.81,14.07,13.94,,,,,,,Aaa,,,,4.6100123247,14.51
07/01/1982,1982q3,6486.8,3367.1,-0.3601553059,1.0746555399,27900,97.633,,661.6,2.3514851485,2855.8602113406,-4.8523402233,44.9798206278,5.6636274539,4.901369863,9.67,11.83,13.1,13.11,,,,,,,Aaa,,,,4.5656983593,11.01
10/01/1982,1982q4,6493.128,3407.8,0.0975519517,1.2087553087,27859,97.933,,681.2,2.9625151149,2940.4655017612,-5.9997652582,44.9798206278,5.6722812372,4.901369863,8.17,9.12,10.46,10.66,,,,,,,Aaa,,,,4.551035214,9.29
01/01/1983,1983q1,6578.175,3480.3,1.3098001456,2.1274722695,28167,98,,693.7,1.834997064,2967.1673966603,-5.8333524882,47.8485208727,5.6489383099,4.901369863,8.4,8.87,10.12,10.56,,,,,,,Aaa,,,,4.6068845977,8.65
04/01/1983,1983q2,6728.287,3583.8,2.2819703033,2.9738815619,28750,99.133,,712.1,2.6524434193,3045.869833014,-5.6459821429,47.8485208727,5.6420559183,4.901369863,8.73,9.19,10.24,10.55,,,,,,,Aaa,,,,4.6310687284,8.8
07/01/1983,1983q3,6860.022,3692.3,1.9579277757,3.027512696,29241,100.1,,732.6,2.878809156,3133.5546126471,-4.6066515004,47.8485208727,5.6929285269,4.901369863,9.52,10.3,11.43,11.64,,,,,,,Aaa,,,,4.6718462482,9.46
10/01/1983,1983q4,7001.489,3796.1,2.0621945527,2.8112558568,29774,101.1,,742.7,1.3786513787,3176.7554065152,-4.6812434141,47.8485208727,5.7137588578,4.901369863,9.16,9.95,11.41,11.69,,,,,,,Aaa,,,,4.6924034869,9.43
01/01/1984,1984q1,7140.597,3912.8,1.9868345148,3.0742077395,30307,102.533,,758.3,2.1004443248,3215.5199830383,-4.5357800041,49.5133268988,5.7401349417,4.901369863,9.55,10.19,11.65,11.95,,,,,,,Aaa,,,,4.863727553,9.69
04/01/1984,1984q2,7266.01,4015,1.7563377404,2.6119402985,30777,103.5,,777.7,2.5583542134,3297.7843740062,-4.7731619845,49.5133268988,5.7559153176,4.901369863,10.19,11.56,13.02,13.21,,,,,,,Aaa,,,,4.949850516,10.56
07/01/1984,1984q3,7337.493,4087.4,0.9837999122,1.803237858,31005,104.4,,789.6,1.5301530153,3348.2455210432,-3.6963499364,49.5133268988,5.9304203161,4.901369863,10.75,11.82,12.84,12.87,,,,,,,Aaa,,,,4.9162143026,11.39
10/01/1984,1984q4,7396.019,4147.6,0.797629381,1.4728189069,31176,105.3,,804.6,1.8996960486,3411.8520089049,-4.8457903366,49.5133268988,6.0251711833,4.901369863,9.16,10.05,11.51,11.76,,,,,,,Aaa,,,,4.9531645864,9.27
01/01/1985,1985q1,7469.545,4237,0.9941294093,2.1554634005,31428,106.267,,827.7,2.8709917972,3478.8419831543,-4.5174171623,54.0917467073,5.9900873259,4.901369863,8.46,9.4,11.2,11.59,,,,,,,Aaa,,,,4.8809903063,8.48
04/01/1985,1985q2,7537.928,4302.3,0.9154908365,1.5411848006,31649,107.233,,842.8,1.8243324876,3542.3076276458,-5.4804760134,54.0917467073,6.0386305,4.901369863,7.72,8.48,10.33,10.82,,,,,,,Aaa,,,,4.9179223462,7.92
07/01/1985,1985q3,7655.196,4394.6,1.5557060243,2.1453641076,32058,107.9,,865.6,2.7052681538,3638.1365478052,-5.0952944389,54.0917467073,5.9709643654,4.901369863,7.34,7.99,9.77,10.34,,,,,,,Aaa,,,,4.9288134092,7.9
10/01/1985,1985q4,7712.624,4453.1,0.7501832742,1.3311791744,32218,109,,875.2,1.1090573013,3678.4855668197,-4.8363424055,54.0917467073,6.0205250275,4.901369863,7.4,7.86,9.24,9.77,,,,,,,Aaa,,,,4.9240428521,8.1
01/01/1986,1986q1,7784.109,4516.3,0.9268570593,1.4192360378,32453,109.567,,887.6,1.4168190128,3696.2849754095,-4.4980958285,57.5213311184,6.0447711622,4.901369863,7.12,7.46,8.17,8.57,,,,,,,Aaa,,,,4.8640574942,7.83
04/01/1986,1986q2,7819.843,4555.2,0.4590634586,0.8613245356,32533,109.033,,898.6,1.2392969806,3742.0929235049,-4.8994555673,57.5213311184,6.0546188971,4.901369863,6.32,6.6,7.4,7.6,,,,,,,Aaa,,,,4.8250310532,6.92
07/01/1986,1986q3,7898.555,4619.6,1.0065675232,1.4137688795,32779,109.7,,919.1,2.2813265079,3827.4622813191,-5.2528357434,57.5213311184,5.9983548359,4.901369863,5.68,6,6.93,7.31,,,,,,,Aaa,,,,4.7928719226,6.21
10/01/1986,1986q4,7939.45,4669.4,0.5177529308,1.0780154126,32870,110.467,,929.6,1.1424219345,3871.1880499557,-3.7185197876,57.5213311184,5.9579389215,4.901369863,5.5,5.8,6.75,7.26,,,,,,,Aaa,,,,4.7516333091,6.27
01/01/1987,1987q1,7994.965,4736.2,0.6992297955,1.430590654,33036,111.8,,939.7,1.0864888124,3878.4261770035,-3.7614221772,59.2754917663,5.9182466957,4.901369863,5.7,5.93,6.74,7.2,,,,,,,Aaa,,,,4.758698092,6.22
04/01/1987,1987q2,8084.71,4821.5,1.1225189854,1.8010219163,33336,113.067,,960,2.160263914,3962.210418137,-2.9799236768,59.2754917663,5.8633205434,4.901369863,5.84,6.76,7.95,8.34,,,,,,,Aaa,,,,4.7783064885,6.65
07/01/1987,1987q3,8158.035,4900.5,0.9069589385,1.6384942445,33556,114.267,,977.6,1.8333333333,4034.8509424695,-2.9626969227,59.2754917663,5.8524640343,4.901369863,6.24,7.12,8.42,8.87,,,,,,,Aaa,,,,4.7951125604,6.84
10/01/1987,1987q4,8292.687,5022.7,1.6505445245,2.4936230997,34025,115.333,,990.8,1.3502454992,4089.3313357189,-4.6206100183,59.2754917663,5.8454616043,4.901369863,6.07,7.25,8.63,9.13,,,,,,,Aaa,,,,4.696891142,6.92
01/01/1988,1988q1,8339.324,5090.6,0.5623870767,1.3518625441,34148,116.233,,1013.1,2.2507064998,4143.5752293465,-1.321206883,60.1462316461,5.8480336306,4.901369863,5.9,6.77,7.9,8.41,,,,,,,Aaa,,,,4.6966694971,6.66
04/01/1988,1988q2,8449.51,5207.7,1.3212821567,2.3003182336,34528,117.567,,1030.3,1.6977593525,4213.9231653299,-2.8270220447,60.1462316461,5.7357374657,4.901369863,6.41,7.31,8.43,8.91,,,,,,,Aaa,,,,4.6945147523,7.16
07/01/1988,1988q3,8498.282,5299.5,0.5772169037,1.7627743534,34637,119,,1049.5,1.8635348927,4292.4510938695,-3.1144237301,60.1462316461,5.7401641664,4.901369863,7.25,8.02,8.77,9.1,,,,,,,Aaa,,,,4.7617324601,7.98
10/01/1988,1988q4,8610.85,5412.7,1.3245971362,2.1360505708,35008,120.3,,1073.7,2.3058599333,4391.4290037996,-3.227091339,60.1462316461,5.7531361428,4.901369863,8,8.53,8.8,8.96,,,,,,,Aaa,,,,4.7846634923,8.47
01/01/1989,1989q1,8697.711,5527.4,1.0087389747,2.1190902877,35291,121.667,,1089.9,1.5088013412,4415.7864670062,-2.757435415,60.279179518,5.8544704563,4.901369863,8.86,9.3,9.32,9.21,,,,,,,Aaa,,,,4.7517333147,9.44
04/01/1989,1989q2,8766.105,5628.4,0.7863448211,1.8272605565,35488,123.633,,1112,2.0277089641,4505.3257650343,-1.5463009026,60.279179518,5.8915499964,4.901369863,8.7,8.91,8.82,8.76,,,,,,,Aaa,,,,4.7680188777,9.73
07/01/1989,1989q3,8831.544,5711.6,0.7465002986,1.4782176107,35654,124.6,,1128.8,1.5107913669,4573.3918377435,-3.3718747811,60.279179518,5.860004202,4.901369863,8.11,8.1,8.03,8.11,,,,,,,Aaa,,,,4.7582671284,9.08
10/01/1989,1989q4,8850.23,5763.4,0.2115824821,0.9069262553,35633,125.867,,1143.6,1.3111268604,4633.3548065587,-2.999028385,60.279179518,5.8645938162,4.901369863,7.91,7.83,7.84,7.91,,,,,,,Aaa,,,,4.7701139806,8.61
01/01/1990,1990q1,8947.129,5890.8,1.0948755004,2.2105007461,35941,128.033,,1170.5,2.3522210563,4689.0711192478,-3.9046649012,61.9868217508,5.8090581924,4.901369863,8.03,8.13,8.38,8.42,,,,,,,Aaa,-0.8627814468,-0.2035791732,0,4.862758106,8.25
04/01/1990,1990q2,8981.727,5974.7,0.3866938769,1.4242547702,35968,129.3,,1185.1,1.2473302008,4747.5593194537,-4.1722568119,61.9868217508,5.7961069175,4.901369863,8.01,8.27,8.64,8.67,,,,,,,Aaa,-0.8627814468,-0.2035791732,0,4.9408131755,8.24
07/01/1990,1990q3,8983.945,6029.5,0.0246945827,0.9172008636,35850,131.533,,1203.3,1.535735381,4820.4692676556,-3.7287382248,61.9868217508,5.8844016917,4.901369863,7.73,7.83,8.42,8.7,,,,,,,Aaa,-0.8627814468,-0.2035791732,0,4.9695288114,8.16
10/01/1990,1990q4,8907.363,6023.3,-0.8524317546,-0.1028277635,35419,133.767,,1214.8,0.9557051442,4866.5387404206,-3.9836631691,61.9868217508,5.9801105706,4.901369863,7.22,7.31,8.04,8.41,,,,,,,Aaa,-0.8627814468,-0.2035791732,0,4.9498665278,7.74
01/01/1991,1991q1,8865.564,6054.9,-0.4692634621,0.524629356,35145,134.767,,1221.6,0.5597629239,4828.8211367652,-2.8140318425,66.368924648,6.0380848569,4.901369863,6.21,6.44,7.65,8.02,,,,,,,Aaa,0.6811506783,0.247260812,0.6661420228,4.8951498778,6.43
04/01/1991,1991q2,8934.366,6143.6,0.7760589174,1.4649292309,35305,135.567,,1236.3,1.2033398821,4886.9282673402,-4.9887362458,66.368924648,6.0339214793,4.901369863,5.74,6.24,7.77,8.13,,,,,,,Aaa,0.6811506783,0.247260812,0.6661420228,4.905005335,5.86
07/01/1991,1991q3,8977.252,6218.4,0.4800116763,1.2175271828,35348,136.6,,1249.1,1.0353474076,4937.5249524668,-5.789013251,66.368924648,5.9967194134,4.901369863,5.55,5.9,7.5,7.95,,,,,AAA,,Aaa,0.6811506783,0.247260812,0.6661420228,4.8019057172,5.64
10/01/1991,1991q4,9016.444,6279.3,0.4365701219,0.9793516017,35381,137.733,,1257.2,0.6484668962,4969.5431672734,-3.6416740986,66.368924648,6.0277419458,4.901369863,4.68,4.87,6.56,7.35,,,,,AAA,,Aaa,0.6811506783,0.247260812,0.6661420228,4.7425411641,4.82
01/01/1992,1992q1,9122.95,6380.8,1.1812417401,1.6164222127,35694,138.667,,1286.1,2.2987591473,5013.7614321246,-5.8988841525,68.6053117509,5.936559679,4.901369863,4,4.36,6.59,7.31,,,,,AAA,,Aaa,0.065378786,-1.9842769497,-2.117451895,4.6716769149,4.02
04/01/1992,1992q2,9223.545,6492.3,1.1026586795,1.7474297894,35968,139.733,,1303.6,1.3607029002,5081.9838293427,-5.0842831619,68.6053117509,5.8777320826,4.901369863,3.77,4.22,6.65,7.38,,,,,AAA,,Aaa,0.065378786,-1.9842769497,-2.117451895,4.5613354037,3.77
07/01/1992,1992q3,9313.208,6586.5,0.9721099642,1.4509495864,36184,140.8,,1326.6,1.7643448911,5171.6475514007,-3.6400461557,68.6053117509,5.7997418963,4.901369863,3.15,3.42,5.61,6.62,,,,AAA,AAA,,Aaa,0.065378786,-1.9842769497,-2.117451895,4.6056726238,3.26
10/01/1992,1992q4,9406.528,6697.6,1.0020177795,1.6867835725,36420,142.033,,1348.6,1.6583747927,5257.4128507606,-5.450848065,68.6053117509,5.6691949355,4.901369863,3.14,3.56,5.9,6.74,,,,AAA,AAA,,Aaa,0.065378786,-1.9842769497,-2.117451895,4.5668853227,3.04
01/01/1993,1993q1,9424.065,6748.2,0.1864343571,0.7554945055,36381,143.067,,1357.9,0.6896040338,5224.3198842716,-2.0058680576,70.1920130257,5.6918882072,4.901369863,3.03,3.4,5.47,6.26,,,,AAA,AAA,,Aaa,0.0642016965,0.4886821519,0.7678716738,4.5262304105,3.04
04/01/1993,1993q2,9480.106,6829.6,0.5946584621,1.206247592,36486,144.1,,1376.3,1.3550335076,5295.1111692489,-4.1468900082,70.1920130257,5.6284409043,4.901369863,3.04,3.38,5.18,5.99,,,,AAA,AAA,Aaa,Aaa,0.0642016965,0.4886821519,0.7678716738,4.4164486407,3
07/01/1993,1993q3,9526.337,6904.2,0.4876633236,1.0923040881,36539,144.767,,1396.3,1.4531715469,5372.0582181372,-2.8684896588,70.1920130257,5.5676255033,4.901369863,3.07,3.43,4.95,5.62,,,,AAA,AAA,Aaa,Aaa,0.0642016965,0.4886821519,0.7678716738,4.3327774897,3.06
10/01/1993,1993q4,9653.509,7032.8,1.3349517238,1.8626343385,36909,145.967,,1414.7,1.3177683879,5442.8495031144,-3.4638835172,70.1920130257,5.4302695939,4.901369863,3.13,3.53,4.98,5.62,,,,AAA,AAA,Aaa,Aaa,0.0642016965,0.4886821519,0.7678716738,4.3550028887,2.99
01/01/1994,1994q1,9748.156,7136.3,0.9804414125,1.4716755773,37171,146.7,,1432.9,1.2864918357,5445.680016418,-1.5052967883,69.3935994089,5.3248882474,4.901369863,3.33,3.93,5.5,6.09,,,,AAA,AAA,Aaa,Aaa,0.177539334,-0.1760539466,-0.1113915022,4.4067842716,3.21
04/01/1994,1994q2,9881.384,7269.8,1.3666995071,1.8707173185,37569,147.533,,1451.3,1.2841091493,5515.6084917492,-3.1518019257,69.3935994089,5.3316459875,4.901369863,4.11,5.14,6.67,7.09,,,,AAA,AAA,Aaa,Aaa,0.177539334,-0.1760539466,-0.1113915022,4.460524028,3.94
07/01/1994,1994q3,9939.655,7352.3,0.589704843,1.1348317698,37669,148.9,,1473.8,1.5503341831,5601.1188556053,-2.4653718514,69.3935994089,5.3847095467,4.901369863,4.61,5.6,6.96,7.33,,,AAA,AAA,AAA,Aaa,Aaa,0.177539334,-0.1760539466,-0.1113915022,4.5644308377,4.49
10/01/1994,1994q4,10052.518,7476.7,1.1354820665,1.6919875413,37980,149.767,,1492.7,1.2823992401,5672.9475612444,-2.0050288894,69.3935994089,5.4435780491,4.901369863,5.44,6.61,7.63,7.84,,,AAA,AAA,AAA,Aaa,Aaa,0.177539334,-0.1760539466,-0.1113915022,4.6285947218,5.17
01/01/1995,1995q1,10086.878,7545.3,0.341804909,0.9175170864,38008,150.867,,1504.5,0.790513834,5650.1100353766,-2.0526957536,68.8004906022,5.5690297271,4.901369863,5.92,6.71,7.37,7.47,,,AAA,AAA,AAA,Aaa,Aaa,0.264888606,0.5088574595,0.9322570529,4.6142866411,5.81
04/01/1995,1995q2,10122.122,7604.9,0.3494044441,0.7898956967,38033,152.1,,1525.2,1.3758723829,5727.848338954,-2.4434567641,68.8004906022,5.6437297006,4.901369863,5.77,5.95,6.38,6.6,,,AAA,AAA,AAA,Aaa,Aaa,0.264888606,0.5088574595,0.9322570529,4.5810628886,6.02
07/01/1995,1995q3,10208.772,7706.5,0.8560457975,1.3359807493,38235,152.867,,1542.8,1.1539470233,5793.9446743629,-1.5628049413,68.8004906022,5.6173360151,4.901369863,5.53,5.66,6.09,6.33,,,AAA,AAA,AAA,Aaa,Aaa,0.264888606,0.5088574595,0.9322570529,4.549543272,5.8
10/01/1995,1995q4,10281.246,7799.5,0.7099188815,1.2067735029,38389,153.7,,1556.3,0.8750324086,5844.6435680004,-0.9056874712,68.8004906022,5.5580485929,4.901369863,5.42,5.45,5.69,5.9,,AAA,AAA,AAA,AAA,Aaa,Aaa,0.264888606,0.5088574595,0.9322570529,4.4309371705,5.72
01/01/1996,1996q1,10348.691,7893.1,0.6560002552,1.200076928,38544,155.067,,1578,1.3943327122,5857.5914831065,-1.8973293468,68.0278513361,5.4883379154,4.901369863,5.07,5.13,5.57,5.91,,AAA,AAA,AAA,AAA,Aaa,Aaa,-0.2875632222,-2.0269174204,-1.7374580136,4.4270131144,5.36
04/01/1996,1996q2,10529.379,8061.5,1.7459986002,2.1335090142,39106,156.4,,1604.7,1.6920152091,5956.7028218891,-1.5900069465,68.0278513361,5.3302735223,4.901369863,5.16,5.66,6.49,6.71,,AAA,AAA,AAA,AAA,Aaa,Aaa,-0.2875632222,-2.0269174204,-1.7374580136,4.3730617466,5.24
07/01/1996,1996q3,10626.778,8159,0.9250213142,1.2094523352,39340,157.3,,1619.3,0.9098273821,6010.8985352309,-1.0384351407,68.0278513361,5.3033459983,4.901369863,5.24,5.78,6.54,6.78,,AAA,AAA,AAA,AAA,Aaa,Aaa,-0.2875632222,-2.0269174204,-1.7374580136,4.3108270551,5.31
10/01/1996,1996q4,10739.057,8287.1,1.0565667223,1.5700453487,39629,158.667,,1642.6,1.438893349,6097.3889544682,-0.8858480548,68.0278513361,5.2334350979,4.901369863,5.11,5.48,6.11,6.35,,AAA,AAA,AAA,AAA,Aaa,Aaa,-0.2875632222,-2.0269174204,-1.7374580136,4.2657187292,5.28
01/01/1997,1997q1,10820.908,8402.1,0.7621805155,1.3876989538,39825,159.633,,1664.7,1.34542798,6105.6971101828,-0.5340157105,65.6206470949,5.1653753228,4.901369863,5.2,5.65,6.36,6.57,,AAA,AAA,AAA,AAA,Aaa,Aaa,0.5705384901,-1.4914348108,-1.1179261166,4.2235210198,5.28
04/01/1997,1997q2,10984.15,8551.9,1.5085795018,1.7828876114,40311,160,,1679.3,0.8770349012,6159.2462047996,-0.0308699719,65.6206470949,5.0994515839,4.901369863,5.19,5.85,6.57,6.7,,AAA,AAA,AAA,AAA,Aaa,Aaa,0.5705384901,-1.4914348108,-1.1179261166,4.1919370072,5.52
07/01/1997,1997q3,11124.013,8691.8,1.2733165516,1.635893778,40689,160.8,,1708,1.7090454356,6264.51052093,0.0622641509,65.6206470949,5.0288777929,4.901369863,5.19,5.54,6.13,6.24,,AAA,AAA,AAA,AAA,Aaa,Aaa,0.5705384901,-1.4914348108,-1.1179261166,4.1429969515,5.53
10/01/1997,1997q4,11210.329,8788.3,0.7759429983,1.1102418371,40877,161.667,,1733.4,1.4871194379,6357.6712745785,0.2664876428,65.6206470949,4.9622793942,4.901369863,5.23,5.48,5.84,5.91,,AAA,AAA,AAA,AAA,Aaa,Aaa,0.5705384901,-1.4914348108,-1.1179261166,4.0868511457,5.51
01/01/1998,1998q1,11321.246,8889.7,0.9894178842,1.1538067658,41176,162,,1747,0.7845852083,6333.0602420121,0.9230111591,62.4721741642,4.8674308469,4.901369863,5.19,5.32,5.51,5.59,,AAA,AAA,AAA,AAA,Aaa,Aaa,0.4260015742,-1.5915281325,-1.0527411981,4.0037172689,5.52
04/01/1998,1998q2,11431.046,8994.7,0.9698579114,1.1811422208,41461,162.533,,1781.4,1.9690898683,6457.7638895938,0.7741361676,62.4721741642,4.7750341868,4.901369863,5.12,5.41,5.59,5.59,,AAA,AAA,AAA,AAA,Aaa,Aaa,0.4260015742,-1.5915281325,-1.0527411981,3.8613723367,5.5
07/01/1998,1998q3,11580.587,9146.5,1.3082004919,1.6876605112,41873,163.367,,1807.4,1.4595262153,6552.0166464869,0.7219889793,62.4721741642,4.6607992128,4.901369863,4.96,5.1,5.13,5.21,,AAA,AAA,AAA,AAA,Aaa,Aaa,0.4260015742,-1.5915281325,-1.0527411981,3.7387134676,5.53
10/01/1998,1998q4,11770.686,9325.7,1.6415316426,1.9592193735,42432,164.133,,1839.4,1.7704990594,6668.0200395862,-0.1369992279,62.4721741642,4.4983218418,4.901369863,4.36,4.39,4.39,4.66,,AAA,AAA,AAA,AAA,Aaa,Aaa,0.4260015742,-1.5915281325,-1.0527411981,3.6904886471,4.86
01/01/1999,1999q1,11864.675,9447.1,0.7985006142,1.3017789549,42663,164.733,,1862.2,1.2395346309,6673.5951834862,2.7878313151,58.8776912174,4.3685363762,4.901369863,4.53,4.67,4.9,5,,AAA,AAA,AAA,AAA,Aaa,Aaa,-0.1120042777,-1.434979248,-1.8608202273,3.6026481884,4.73
04/01/1999,1999q2,11962.524,9557,0.8247086414,1.1633199606,42897,165.967,,1898.1,1.927827301,6802.2505733945,0.8294898087,58.8776912174,4.3078371874,4.901369863,4.58,4.88,5.44,5.54,,AAA,AAA,AAA,AAA,Aaa,Aaa,-0.1120042777,-1.434979248,-1.8608202273,3.555273471,4.75
07/01/1999,1999q3,12113.075,9712.3,1.258522031,1.6249869206,43299,167.2,,1931.7,1.7701912439,6922.6634174312,1.7674725094,58.8776912174,4.1946809716,4.901369863,4.8,5.16,5.78,5.88,,AAA,AAA,AAA,AAA,Aaa,Aaa,-0.1120042777,-1.434979248,-1.8608202273,3.5390290101,5.09
10/01/1999,1999q4,12323.336,9926.1,1.7358185267,2.2013323312,43919,168.433,,1972.6,2.1173059999,7069.2373853211,1.1095305259,58.8776912174,4.1103756762,4.901369863,5.21,5.62,6.07,6.14,,AAA,AAA,AAA,AAA,Aaa,Aaa,-0.1120042777,-1.434979248,-1.8608202273,3.4626348715,5.31
01/01/2000,2000q1,12359.095,10031,0.2901730505,1.0568098246,43935,170.1,,2012.5,2.0227111427,7132.4274707438,1.9918255044,53.0320781168,4.0574219918,4.901369863,5.7,6.19,6.58,6.47,,AAA,AAA,AAA,AAA,Aaa,Aaa,-0.8305243781,0.2889266296,0.0542142447,3.4091567382,5.68
04/01/2000,2000q2,12592.53,10278.3,1.888770982,2.4653573921,44654,171.433,,2045.1,1.6198757764,7247.9639356115,3.7101883562,53.0320781168,3.9559071053,4.901369863,5.9,6.22,6.42,6.18,,AAA,AAA,AAA,AAA,Aaa,Aaa,-0.8305243781,0.2889266296,0.0542142447,3.3507443446,6.27
07/01/2000,2000q3,12607.676,10357.4,0.1202776567,0.7695825185,44586,173,,2074.6,1.4424722507,7352.5138041267,2.7206688808,53.0320781168,3.9054202792,4.901369863,6.2,6.13,6.06,5.89,,AAA,AAA,AAA,AAA,Aaa,Aaa,-0.8305243781,0.2889266296,0.0542142447,3.2984078949,6.52
10/01/2000,2000q4,12679.338,10472.3,0.568399759,1.1093517678,44721,174.233,,2104.3,1.4316012725,7457.7724853099,1.8533287499,53.0320781168,3.8683001824,4.901369863,6.2,5.91,5.56,5.57,,AAA,AAA,AAA,AAA,Aaa,Aaa,-0.8305243781,0.2889266296,0.0542142447,3.1621296436,6.47
01/01/2001,2001q1,12643.283,10508.1,-0.2843602718,0.341854225,44492,175.9,,2132.7,1.34961745,7483.9719408076,1.3925770841,53.0219430277,3.8608311683,4.901369863,4.93,4.59,4.79,5.04,,AAA,AAA,AAA,AAA,Aaa,Aaa,-0.1920446077,0.4845143573,0.1978497771,3.0668734433,5.59
04/01/2001,2001q2,12710.303,10638.4,0.5300838398,1.2399958128,44623,177.133,,2152.3,0.9190228349,7552.7513519014,2.3850579034,53.0219430277,3.7599639043,4.901369863,3.74,3.77,4.84,5.28,,AAA,AAA,AAA,AAA,Aaa,Aaa,-0.1920446077,0.4845143573,0.1978497771,2.9501088653,4.33
07/01/2001,2001q3,12670.106,10639.5,-0.3162552458,0.0103399007,44366,177.633,,2165.5,0.6132974028,7599.072179781,-1.0689123651,53.0219430277,3.7022416467,4.901369863,3.28,3.34,4.51,5,,AAA,AAA,AAA,AAA,Aaa,Aaa,-0.1920446077,0.4845143573,0.1978497771,2.7938787566,3.5
10/01/2001,2001q4,12705.269,10701.3,0.2775272756,0.5808543635,44376,177.5,74.53,2197.8,1.4915723851,7712.4178419407,0.5446491982,53.0219430277,3.6163830563,4.901369863,1.95,2.25,4.08,4.76,,AAA,AAA,AAA,AAA,Aaa,Aaa,-0.1920446077,0.4845143573,0.1978497771,2.8011486264,2.13
01/01/2002,2002q1,12822.258,10834.4,0.9207912087,1.2437741209,44687,178.067,74.91,2216.3,0.8417508418,7705.5193394177,-1.6487115115,55.3787579623,3.4815033597,4.901369863,1.75,2.32,4.46,5.08,,AAA,AAA,AAA,AAA,Aaa,Aaa,-0.1836714689,0.5024965598,0.6921732883,2.7307897908,1.73
04/01/2002,2002q2,12893.002,10934.8,0.5517280966,0.9266779886,44834,179.467,75.76,2246.4,1.3581193882,7810.1694915254,-2.7738230237,55.3787579623,3.5300142664,4.901369863,1.75,2.35,4.45,5.11,,AAA,AAA,AAA,AAA,Aaa,Aaa,-0.1836714689,0.5024965598,0.6921732883,2.7044795475,1.75
07/01/2002,2002q3,12955.769,11037.1,0.4868299873,0.9355452317,44938,180.433,76.01,2273.2,1.193019943,7903.346371143,-1.51987823,55.3787579623,3.5190403276,4.901369863,1.67,1.81,3.36,4.27,,AAA,AAA,AAA,AAA,Aaa,Aaa,-0.1836714689,0.5024965598,0.6921732883,2.6072786529,1.74
10/01/2002,2002q4,12964.016,11103.8,0.0636550405,0.6043254116,44857,181.5,76.3,2299.5,1.1569593525,7994.7848761408,-2.5390129683,55.3787579623,3.5717502116,4.901369863,1.37,1.53,3.01,4,,AAA,AAA,AAA,AAA,Aaa,Aaa,-0.1836714689,0.5024965598,0.6921732883,2.5627270089,1.44
01/01/2003,2003q1,13031.169,11230.1,0.5179953496,1.1374484411,44996,183.367,77.1,2329,1.2828875843,8028.0447281702,-3.1133392698,58.517263323,3.5680893314,4.901369863,1.17,1.3,2.91,3.92,,AAA,AAA,AAA,AAA,Aaa,Aaa,-0.0281753602,-0.5714555987,-0.8027549703,2.5049246888,1.25
04/01/2003,2003q2,13152.089,11370.7,0.9279290292,1.2519924132,45312,183.067,77.36,2360.1,1.3353370545,8135.2461841797,-3.6930734865,58.517263323,3.5776161538,4.901369863,1.06,1.15,2.57,3.62,,AAA,AAA,AAA,AAA,Aaa,Aaa,-0.0281753602,-0.5714555987,-0.8027549703,2.4964457383,1.25
07/01/2003,2003q3,13372.357,11625.1,1.6747757714,2.2373292761,45957,184.433,77.71,2401.1,1.7372145248,8276.5728625202,-4.0657881155,58.517263323,3.5285717972,4.901369863,0.95,1.22,3.14,4.23,,AAA,AAA,AAA,AAA,Aaa,Aaa,-0.0281753602,-0.5714555987,-0.8027549703,2.4990824464,1.02
10/01/2003,2003q4,13528.71,11816.8,1.1692254402,1.649018073,46384,185.133,77.69,2430.9,1.2410978302,8379.2932287286,-3.2376277842,58.517263323,3.5001015503,4.901369863,0.94,1.3,3.24,4.29,,AAA,AAA,AAA,AAA,Aaa,Aaa,-0.0281753602,-0.5714555987,-0.8027549703,2.4594874152,1
01/01/2004,2004q1,13606.509,11988.4,0.5750659154,1.4521697922,46560,186.7,78.41,2476.2,1.863507343,8456.8228001571,-3.3151713323,65.4922779569,3.4500016683,4.901369863,0.93,1.22,2.98,4.01,,AAA,AAA,AAA,AAA,Aaa,Aaa,-0.3305800968,0.8585606912,0.1520374757,2.5049119885,1
04/01/2004,2004q2,13706.247,12181.4,0.7330168231,1.6098895599,46799,188.167,79.59,2510.6,1.3892254261,8574.3071327334,-3.6432652525,65.4922779569,3.3690708786,4.901369863,1.1,1.78,3.72,4.6,,AAA,AAA,AAA,AAA,Aaa,Aaa,-0.3305800968,0.8585606912,0.1520374757,2.5099106844,1.01
07/01/2004,2004q3,13830.828,12367.7,0.9089359035,1.5293808593,47107,189.367,79.81,2550,1.5693459731,8708.86767644,-3.1633299913,65.4922779569,3.385431406,4.901369863,1.51,2.08,3.51,4.3,,AAA,AAA,AAA,AAA,Aaa,Aaa,-0.3305800968,0.8585606912,0.1520374757,2.5074724709,1.43
10/01/2004,2004q4,13950.376,12562.2,0.8643589523,1.5726448733,47396,191.4,80.48,2592.2,1.6549019608,8852.9908983795,-2.6239253646,65.4922779569,3.3720208244,4.901369863,2.05,2.47,3.49,4.18,,AAA,AAA,AAA,AAA,Aaa,Aaa,-0.3305800968,0.8585606912,0.1520374757,2.6375625284,1.95
01/01/2005,2005q1,14099.081,12813.7,1.0659569319,2.0020378596,47800,192.367,80.83,2629.3,1.4312167271,8897.2884808657,-2.7885683961,64.8931394487,3.3612461662,4.901369863,2.59,3.07,3.89,4.3,,AAA,AAA,AAA,AAA,Aaa,Aaa,-0.6200469551,0.303547834,-0.6584598492,2.5989367986,2.47
04/01/2005,2005q2,14172.695,12974.1,0.5221191367,1.2517851987,47947,193.667,82.09,2671,1.585973453,9038.39711421,-1.7354092801,64.8931394487,3.490030137,4.901369863,2.93,3.34,3.87,4.16,,AAA,AAA,AAA,AAA,Aaa,Aaa,-0.6200469551,0.303547834,-0.6584598492,2.7724636815,2.94
07/01/2005,2005q3,14291.757,13205.4,0.8400801682,1.7827826208,48228,196.6,83.3,2722.6,1.9318607263,9213.0063583483,-2.7322045193,64.8931394487,3.4508610114,4.901369863,3.44,3.79,4.04,4.22,,AAA,AAA,AAA,AAA,Aaa,Aaa,-0.6200469551,0.303547834,-0.6584598492,2.6009422005,3.46
10/01/2005,2005q4,14373.438,13381.6,0.5715252505,1.3343026338,48381,198.433,83.85,2751.3,1.0541394255,9310.12429065,-2.5205954445,64.8931394487,3.6296108089,4.901369863,3.91,4.29,4.39,4.49,,AAA,AAA,AAA,AAA,Aaa,Aaa,-0.6200469551,0.303547834,-0.6584598492,2.7203292801,3.98
01/01/2006,2006q1,14546.119,13648.9,1.2013896745,1.9975189813,48856,199.467,84.11,2798,1.6973794206,9377.3041088545,-2.2954985054,63.6411997777,3.4596194565,4.901369863,4.51,4.64,4.55,4.58,,AAA,AAA,AAA,AAA,Aaa,Aaa,-0.0254214998,0.7580004735,0.1269977341,2.8054786641,4.46
04/01/2006,2006q2,14589.585,13799.8,0.2988150998,1.1055836001,48891,201.267,85.61,2832.7,1.2401715511,9493.5987666734,-0.3785217391,63.6411997777,3.585559211,4.901369863,4.83,5.02,4.99,5.07,,AAA,AAA,AAA,AAA,Aaa,Aaa,-0.0254214998,0.7580004735,0.1269977341,2.6225615651,4.91
07/01/2006,2006q3,14602.633,13908.5,0.0894336611,0.7876925753,48809,203.167,85.96,2868.5,1.2638119109,9613.5799986594,-1.9536682868,63.6411997777,3.6768882338,4.901369863,5.04,5.09,4.84,4.89,,AAA,AAA,AAA,AAA,Aaa,Aaa,-0.0254214998,0.7580004735,0.1269977341,2.7456931681,5.25
10/01/2006,2006q4,14716.93,14066.4,0.7827150076,1.1352769889,49065,202.333,84.86,2894.6,0.9098832142,9701.0523493532,-1.2294261503,63.6411997777,3.4934311551,4.901369863,5.03,4.99,4.6,4.63,,AAA,AAA,AAA,AAA,Aaa,Aaa,-0.0254214998,0.7580004735,0.1269977341,2.9814939365,5.25
01/01/2007,2007q1,14726.022,14233.2,0.061779189,1.1858044702,48987,204.317,85.67,2938,1.4993436053,9753.3122420999,-1.8271084507,64.0143048325,3.6112750471,4.901369863,5.11,5.01,4.64,4.68,,AAA,AAA,AAA,AAA,Aaa,Aaa,-0.9580691069,0.4081989467,-0.5174515616,2.8257273657,5.26
04/01/2007,2007q2,14838.664,14422.3,0.7649180478,1.3285838743,49251,206.631,87.6,2973.2,1.1980939415,9870.1660851639,-0.1948912802,64.0143048325,3.8329531351,4.901369863,4.87,4.93,4.76,4.85,,AAA,AAA,AAA,AAA,Aaa,Aaa,-0.9580691069,0.4081989467,-0.5174515616,2.7258551068,5.25
07/01/2007,2007q3,14938.467,14569.7,0.6725875052,1.0220283866,49455,207.939,87.7,3006.6,1.1233687609,9981.0444476166,-1.7822589501,64.0143048325,3.6582771093,4.901369863,4.43,4.54,4.51,4.74,,AAA,AAA,AAA,AAA,Aaa,Aaa,-0.9580691069,0.4081989467,-0.5174515616,2.731040877,5.07
10/01/2007,2007q4,14991.784,14685.3,0.3569107861,0.7934274556,49506,210.49,88.51,3042.5,1.1940397792,10100.2220886961,-2.0032413586,64.0143048325,3.5355082974,4.901369863,3.49,3.64,3.8,4.27,4.6067647059,AAA,AAA,AAA,AAA,Aaa,Aaa,-0.9580691069,0.4081989467,-0.5174515616,2.7131573618,4.5
01/01/2008,2008q1,14889.45,14668.4,-0.6826005497,-0.1150810675,49060,212.77,89.57,3071.7,0.9597370583,10101.1529329747,-2.6153636388,72.8473238748,3.5157208694,4.901369863,2.1,2.11,2.75,3.67,8.448125,AAA,AAA,AAA,AAA,Aaa,Aaa,-0.7969379942,0.8090602953,0.8726271543,2.7864986862,3.18
04/01/2008,2008q2,14963.357,14813,0.496371592,0.9857925881,49196,215.538,92.05,3111.6,1.2989549761,10232.3623616382,-3.5596900062,72.8473238748,3.5117801931,4.901369863,1.65,2.07,3.16,3.88,8.1498461538,AAA,AAA,AAA,AAA,Aaa,Aaa,-0.7969379942,0.8090602953,0.8726271543,2.3072323521,2.09
07/01/2008,2008q3,14891.643,14843,-0.4792641117,0.2025248093,48841,218.861,93.31,3133.8,0.7134593135,10305.3661039021,-5.4834267543,72.8473238748,3.6529003571,4.901369863,1.52,2.13,3.11,3.86,15.9518181818,AAA,AAA,AAA,AAA,Aaa,Aaa,-0.7969379942,0.8090602953,0.8726271543,2.12042631,1.94
10/01/2008,2008q4,14576.985,14549.9,-2.1129837722,-1.9746681938,47697,213.849,89.84,3065.2,-2.1890356755,10079.7779633929,-8.1796838488,72.8473238748,3.3127375446,4.901369863,0.31,0.99,2.17,3.23,44.1054144426,AAA,AAA,AAA,AAA,Aaa,Aaa,-0.7969379942,0.8090602953,0.8726271543,2.5940699004,0.51
01/01/2009,2009q1,14375.018,14383.9,-1.385519708,-1.140901312,46941,212.378,89.06,3040.7,-0.7992953152,9911.9215573781,-9.8872080089,86.0340772156,3.3106459305,4.901369863,0.21,0.57,1.76,2.74,74.2159855704,AAA,AAA,AAA,AAA,Aaa,Aaa,-0.6143080277,0.0248739537,0.2014812399,2.5910554015,0.18
04/01/2009,2009q2,14355.558,14340.4,-0.1353737435,-0.3024214573,46781,213.507,90.21,3051.1,0.3420265071,9945.8229564628,-11.2562271624,86.0340772156,3.9085381161,4.901369863,0.17,0.52,2.24,3.32,39.6408202837,AAA,AAA,AAA,AAA,Aaa,Aaa,-0.6143080277,0.0248739537,0.2014812399,2.5036899736,0.18
07/01/2009,2009q3,14402.477,14384.1,0.3268350837,0.3047334802,46826,215.344,91.03,3088,1.2093998886,10066.1077282151,-10.0619299221,86.0340772156,3.9634040364,4.901369863,0.16,0.45,2.47,3.52,26.9586535277,AAA,AAA,AAA,AAA,Aaa,Aaa,-0.6143080277,0.0248739537,0.2014812399,2.4575815164,0.16
10/01/2009,2009q4,14541.901,14566.5,0.9680557032,1.2680668238,47170,217.03,91.46,3109.3,0.6897668394,10135.5404013404,-9.8204360721,86.0340772156,3.8636597673,4.901369863,0.06,0.35,2.3,3.46,28.1307829326,AAA,AAA,AAA,AAA,Aaa,Aaa,-0.6143080277,0.0248739537,0.2014812399,2.5872143788,0.12
01/01/2010,2010q1,14604.845,14681.1,0.4328457469,0.7867366904,47280,217.374,92.06,3136.2,0.865146496,10138.096900578,-5.8045391385,94.7320173211,3.7728780541,4.901369863,0.11,0.36,2.43,3.72,41.4759866567,AAA,AAA,AAA,AAA,Aaa,Aaa,0.4988733858,0.5691235788,0.0263877214,2.5315951307,0.13
04/01/2010,2010q2,14745.933,14888.6,0.9660355861,1.4133818311,47649,217.297,92.67,3166,0.9501945029,10234.4285400261,-10.278947934,94.7320173211,3.8808215682,4.901369863,0.15,0.38,2.25,3.49,39.5993245695,AAA,AAA,AAA,AAA,Aaa,Aaa,0.4988733858,0.5691235788,0.0263877214,2.5941878636,0.19
07/01/2010,2010q3,14845.458,15057.7,0.6749318609,1.135768306,47873,217.934,92.76,3191.9,0.8180669615,10318.1530186069,-8.6244022952,94.7320173211,3.8053620407,4.901369863,0.15,0.27,1.55,2.78,43.0034350328,AAA,AAA,AAA,AAA,Aaa,Aaa,0.4988733858,0.5691235788,0.0263877214,2.6859775304,0.19
10/01/2010,2010q4,14939.001,15230.2,0.6301119171,1.1455932845,48077,219.699,93.04,3230.4,1.2061781384,10442.6083246053,-8.7803340687,94.7320173211,3.8476185474,4.901369863,0.14,0.26,1.5,2.88,41.4346778831,AAA,AAA,AAA,AAA,Aaa,Aaa,0.4988733858,0.5691235788,0.0263877214,2.9532562787,0.19
01/01/2011,2011q1,14881.301,15238.4,-0.3862373394,0.0538403961,47811,222.044,94.51,3259.9,0.9131996038,10459.6952477516,-9.0615550189,98.9947753968,3.9210153297,4.901369863,0.13,0.27,2.12,3.46,45.2734772332,AAA,AAA,AAA,AAA,Aaa,Aaa,-0.9669454451,1.156775083,0.1848150915,2.7009514278,0.16
04/01/2011,2011q2,14989.555,15460.9,0.7274498379,1.4601270475,48077,224.568,96.61,3299,1.1994232952,10585.1512691593,-6.5421711684,98.9947753968,4.1731076457,4.901369863,0.05,0.2,1.85,3.2,46.6157586941,AAA,AAA,AAA,AAA,Aaa,Aaa,-0.9669454451,1.156775083,0.1848150915,2.6347297802,0.09
07/01/2011,2011q3,15021.149,15587.1,0.2107734352,0.8162526114,48082,226.033,96.97,3323.5,0.7426492877,10663.7618196578,-9.1925682611,98.9947753968,3.9256821346,5.1205479452,0.03,0.13,1.14,2.41,53.1154000145,AAA,AAA,AA+,AA+,Aaa,Aaa,-0.9669454451,1.156775083,0.1848150915,2.5860935651,0.08
10/01/2011,2011q4,15190.255,15785.3,1.1257860501,1.2715643064,48529,227.047,96.6,3337.8,0.4302692944,10709.6447123977,-7.1231533335,98.9947753968,3.8700563182,5.1479452055,0.01,0.11,0.95,2.05,49.3690384978,AAA,AAA,AA+,AA+,Aaa,Aaa,-0.9669454451,1.156775083,0.1848150915,2.6479509239,0.07
01/01/2012,2012q1,15291.035,15973.9,0.6634516669,1.1947824875,48771,228.326,97.44,3376.1,1.1474624004,10751.9793119701,-8.6974082885,102.4975224772,3.8262415565,5.1479452055,0.07,0.16,0.9,2.04,40.8280220503,AAA,AAA,AA+,AA+,Aaa,Aaa,0.021435582,-0.1158538108,-0.69062578,2.4390093604,0.1
04/01/2012,2012q2,15362.415,16121.9,0.4668094737,0.9265113717,48917,228.808,98.35,3386.3,0.3021237523,10784.4635953095,-6.3414712815,102.4975224772,3.8916008659,5.1479452055,0.09,0.19,0.79,1.83,41.2106445569,AAA,AAA,AA+,AA+,Aaa,Aaa,0.021435582,-0.1158538108,-0.69062578,2.7961686905,0.15
07/01/2012,2012q3,15380.802,16227.9,0.1196882131,0.6574907424,48881,229.841,98.6,3405.1,0.5551782181,10844.3365881311,-4.6651220113,102.4975224772,3.6856278385,5.3287671233,0.1,0.18,0.67,1.64,41.7840908307,AAA,AAA,AA+,AA+,Aaa,Aaa,0.021435582,-0.1158538108,-0.69062578,2.4557825607,0.14
10/01/2012,2012q4,15384.254,16297.3,0.0224435631,0.4276585387,48797,231.369,98.43,3427.4,0.6549000029,10915.3561487653,-6.0696561373,102.4975224772,4.0460689808,5.298630137,0.09,0.17,0.69,1.71,35.5359581277,AAA,AAA,AA+,AA+,Aaa,Aaa,0.021435582,-0.1158538108,-0.69062578,2.5100656535,0.16
01/01/2013,2013q1,15491.878,16475.4,0.699572433,1.0928190559,49066,232.299,99.02,3446.5,0.5572737352,10899.5746430322,-4.70560101,104.6211964173,3.6970270828,5.298630137,0.09,0.15,0.82,1.95,39.047643974,AAA,AAA,AA+,AA+,Aa1,Aaa,0.3614879707,0.3613331266,0.3818227563,2.5207023577,0.14
04/01/2013,2013q2,15521.559,16541.4,0.1915907161,0.4005972541,49084,232.028,99.57,3451.9,0.1566806906,10916.6521718505,-1.8248537022,104.6211964173,3.7397076426,5.298630137,0.05,0.13,0.91,1.99,30.8856815282,AAA,AAA,AA+,AA+,Aa1,Aaa,0.3614879707,0.3613331266,0.3818227563,2.4870734534,0.12
07/01/2013,2013q3,15641.336,16749.3,0.7716815044,1.256846458,49366,233.281,99.87,3474.2,0.6460210319,10987.1760408596,-4.344804528,104.6211964173,3.71597619,5.4410958904,0.03,0.12,1.5,2.71,24.4182121134,AAA,AAA,AA+,AA+,Aa1,Aaa,0.3614879707,0.3613331266,0.3818227563,2.5873411179,0.08
10/01/2013,2013q4,15793.928,16999.9,0.9755688389,1.49618193,49749,234.187,99.27,3512.4,1.0995337056,11107.9837447226,-2.6091529412,104.6211964173,3.6335507856,5.4410958904,0.06,0.13,1.44,2.74,31.5508798871,AAA,AAA,AA+,AA+,Aa1,Aaa,0.3614879707,0.3613331266,0.3818227563,2.597537835,0.09
01/01/2014,2014q1,15747.045,17025.2,-0.2968419256,0.1488244048,49518,235.678,100.05,3544.1,0.9025167976,11125.2719242348,-2.7824401475,104.6051250208,3.6892371308,5.5369863014,0.05,0.12,1.6,2.77,27.8767535367,AAA,AAA,AA+,AA+,Aa1,Aaa,-0.2083290662,0.340141679,0.2270547147,2.5128917322,0.07
04/01/2014,2014q2,15900.785,17285.6,0.9763101585,1.5294974508,49917,236.777,101.44,3586.1,1.1850681414,11257.113977455,-3.1081593928,104.6051250208,3.6544869718,5.5369863014,0.03,0.1,1.66,2.62,19.1515986055,AAA,AAA,AA+,AA+,Aa1,Aaa,-0.2083290662,0.340141679,0.2270547147,2.4366670058,0.09
07/01/2014,2014q3,16094.454,17569.4,1.217983892,1.6418290369,50424,237.389,101.38,3629.7,1.2158054711,11393.9785850836,-3.0669793279,104.6051250208,3.5379694241,5.5643835616,0.03,0.11,1.7,2.5,16.840759204,AAA,AAA,AA+,AA+,Aa1,Aaa,-0.2083290662,0.340141679,0.2270547147,2.1834724128,0.09
10/01/2014,2014q4,16186.736,17692.2,0.5733776368,0.6989424795,50612,236.971,100.07,3661,0.8623302201,11492.2323056978,-2.3046279759,104.6051250208,3.4534992822,5.5643835616,0.02,0.15,1.6,2.28,17.4560433542,AAA,AAA,AA+,AA+,Aa1,Aaa,-0.2083290662,0.340141679,0.2270547147,2.529683359,0.1
01/01/2015,2015q1,16268.979,17783.6,0.5080888451,0.5166118402,50789,235.464,99.14,3668.7,0.2103250478,11432.640379935,-3.4027081131,105.1519877583,3.2074495603,5.6904109589,0.02,0.23,1.46,1.97,16.6345255429,AAA,AAA,AA+,AA+,Aa1,Aaa,-0.0145792106,0.7090964738,0.599548168,2.5824197025,0.11
04/01/2015,2015q2,16374.177,17998.3,0.6466170987,1.2072921118,51034,236.837,100.49,3710.1,1.1284651239,11561.6537393619,-1.9358387412,105.1519877583,3.5525577416,5.6904109589,0.02,0.25,1.53,2.16,16.1174172143,AAA,AAA,AA+,AA+,Aa1,Aaa,-0.0145792106,0.7090964738,0.599548168,2.4183989288,0.12
07/01/2015,2015q3,16454.877,18141.9,0.4928491979,0.7978531306,51188,237.718,100.56,3743.5,0.9002452764,11665.7369810251,-3.0357843678,105.1519877583,3.6087730613,5.6904109589,0.04,0.35,1.56,2.22,15.256569993,AAA,AAA,AA+,AA+,Aa1,Aaa,-0.0145792106,0.7090964738,0.599548168,2.4844652547,0.14
10/01/2015,2015q4,16490.681,18222.8,0.2175889859,0.4459290372,51204,237.93,99.81,3766.3,0.6090556965,11736.7878166514,-2.8880742806,105.1519877583,3.4511710604,5.6904109589,0.13,0.47,1.58,2.19,17.6887257497,AAA,AAA,AA+,AA+,Aa1,Aaa,-0.0145792106,0.7090964738,0.599548168,2.5566257093,0.16
01/01/2016,2016q1,16524.992,18281.6,0.208062966,0.3226726957,51233,237.997,99.53,3780.3,0.3717176008,11699.0790027481,-2.5242867145,,3.5248555925,5.6904109589,0.29,0.58,1.37,1.91,19.0743627125,AAA,AAA,AA+,AA+,Aa1,Aaa,,,,2.5493566368,0.36
04/01/2016,2016q2,16583.149,18450.1,0.3519336046,0.9216917556,51331,239.371,100.84,3834.1,1.4231674735,11865.5764898121,-2.9681300813,,3.5961864705,5.6904109589,0.26,0.57,1.24,1.75,19.0011911438,AAA,AAA,AA+,AA+,Aa1,Aaa,,,,2.6190551899,0.37
07/01/2016,2016q3,16726.97,18675.3,0.8672719518,1.2205895903,51678,240.431,100.95,3876.1,1.0954330873,11995.5559406799,-4.253020048,,3.5822717707,5.7561643836,0.3,0.56,1.13,1.56,23.9195782826,AAA,AAA,AA+,AA+,Aa1,Aaa,,,,,0.4
10/01/2016,2016q4,16804.836,18860.8,0.4655116856,0.9932906031,51823,242.238,,3917.8,1.0758236372,12124.6069668986,-2.6589964371,,3.6488378012,5.7561643836,0.43,0.76,1.61,2.14,23.0013276923,AAA,AAA,AA+,AA+,Aa1,Aaa,,,,,0.45
